id,project_id,uploaded_by_member_id,file_name,file_type,mime_type,storage_uri,content_hash,analysis_status,progress,error_message,created_at,updated_at
098abffd-bf7d-5aa6-9c2c-93b55c995afb,0a4f9295-ac96-59f7-b09d-fb82f68610c8,b6ce97f8-0c0d-5492-88f5-8e92d3955338,DOC-0001_meeting_notes_2025-06-25.md,meeting,text/markdown,dummy_data/02_raw_documents/meeting_notes/DOC-0001_meeting_notes_2025-06-25.md,a0b86a6f383bcb863daf75597740fc633030318066d573e1e27102e466992683,completed,100,,2025-06-25T09:00:00+09:00,2025-06-25T09:00:00+09:00
106ed7b1-662e-5dda-a384-ae7e773d3399,0a4f9295-ac96-59f7-b09d-fb82f68610c8,f2790941-d2e2-5684-a3c4-9d5190079275,DOC-0003_sales_emails_2025-06-15.md,email,text/markdown,dummy_data/02_raw_documents/sales_emails/DOC-0003_sales_emails_2025-06-15.md,e9305bd1a0eba2045d176c57eb63d947a83b011f4693464906e0e3a839334207,completed,100,,2025-06-15T09:00:00+09:00,2025-06-15T09:00:00+09:00
51a52fc9-10ce-5424-9cdd-347dcd605910,0a4f9295-ac96-59f7-b09d-fb82f68610c8,d2079b50-ac73-51af-b94b-106cf384cfbd,DOC-0004_purchase_emails_2025-06-25.md,other,text/markdown,dummy_data/02_raw_documents/purchase_emails/DOC-0004_purchase_emails_2025-06-25.md,8da7d9001735910a54caed6c12cee154dce5678894f3041fe8dd348e09596fcb,completed,100,,2025-06-25T09:00:00+09:00,2025-06-25T09:00:00+09:00
6bf0caea-a97e-58cc-bf0f-65aeefc68fe7,0a4f9295-ac96-59f7-b09d-fb82f68610c8,d2079b50-ac73-51af-b94b-106cf384cfbd,DOC-0005_purchase_emails_2025-06-15.md,other,text/markdown,dummy_data/02_raw_documents/purchase_emails/DOC-0005_purchase_emails_2025-06-15.md,fcded7b09dddfc65ecf524904e6029e6dfd44e09331b1b0ca5cf4aedac1ac33f,completed,100,,2025-06-15T09:00:00+09:00,2025-06-15T09:00:00+09:00
e2cfb349-c9cc-52f5-bbdd-9161c2007e7f,0a4f9295-ac96-59f7-b09d-fb82f68610c8,b6ce97f8-0c0d-5492-88f5-8e92d3955338,DOC-0006_logistics_logs_2025-06-21.md,other,text/markdown,dummy_data/02_raw_documents/logistics_logs/DOC-0006_logistics_logs_2025-06-21.md,8f163f8153417e32ed4de9c12f70f3103e94ce7dbb64d671115f99e8106db46f,completed,100,,2025-06-21T09:00:00+09:00,2025-06-21T09:00:00+09:00
370c5e4c-4458-5b03-b943-42ca592fb937,0a4f9295-ac96-59f7-b09d-fb82f68610c8,c3f365be-d56d-52d7-be68-83627bdf3e90,DOC-0007_quality_claims_2025-06-07.md,other,text/markdown,dummy_data/02_raw_documents/quality_claims/DOC-0007_quality_claims_2025-06-07.md,5679859afefe6615326eac8a4868addb45449133f721aff08ac1926d190add47,completed,100,,2025-06-07T09:00:00+09:00,2025-06-07T09:00:00+09:00
91fd9618-9ff5-55eb-af07-95bb1f59ce4f,0a4f9295-ac96-59f7-b09d-fb82f68610c8,1c3dbb27-e66e-5657-b375-24a86482d558,DOC-0025_chat_logs_2025-08-27.md,chat,text/markdown,dummy_data/02_raw_documents/chat_logs/DOC-0025_chat_logs_2025-08-27.md,cf119be575111fecfc9f7a72156844e6693fa309e4263b2294185a17086fc789,completed,100,,2025-08-27T09:00:00+09:00,2025-08-27T09:00:00+09:00
e8aa2b49-4fb3-595b-93f9-17caf2ccecee,0a4f9295-ac96-59f7-b09d-fb82f68610c8,f2790941-d2e2-5684-a3c4-9d5190079275,DOC-0026_sales_emails_2025-08-20.md,email,text/markdown,dummy_data/02_raw_documents/sales_emails/DOC-0026_sales_emails_2025-08-20.md,c7810fb8f035bd159a8ad64dfd34ad0fbcab00f73615551bb2891d6cbc7a6582,completed,100,,2025-08-20T09:00:00+09:00,2025-08-20T09:00:00+09:00
65246ca8-5847-5154-9106-6fa7668971cb,0a4f9295-ac96-59f7-b09d-fb82f68610c8,b6ce97f8-0c0d-5492-88f5-8e92d3955338,DOC-0027_logistics_logs_2025-08-17.md,other,text/markdown,dummy_data/02_raw_documents/logistics_logs/DOC-0027_logistics_logs_2025-08-17.md,54f48c4bb674f8e8e63f205478ab5fcad400a7860845ccd856caf3a2717ef4b2,completed,100,,2025-08-17T09:00:00+09:00,2025-08-17T09:00:00+09:00
dc5ba4fc-9f5c-52ff-9a28-4b71f0071965,0a4f9295-ac96-59f7-b09d-fb82f68610c8,14c5dea0-99cd-5f9c-805f-c54d1c288527,DOC-0028_chat_logs_2025-08-17.md,chat,text/markdown,dummy_data/02_raw_documents/chat_logs/DOC-0028_chat_logs_2025-08-17.md,8d981a8998b7b7c57cb5c455cc6c71d5ae3eb53c7b8a1245976d87581242c4bc,completed,100,,2025-08-17T09:00:00+09:00,2025-08-17T09:00:00+09:00
61fd2d25-668a-5365-865e-05abb5364dc6,0a4f9295-ac96-59f7-b09d-fb82f68610c8,b6ce97f8-0c0d-5492-88f5-8e92d3955338,DOC-0029_quality_claims_2025-08-20.md,other,text/markdown,dummy_data/02_raw_documents/quality_claims/DOC-0029_quality_claims_2025-08-20.md,6ca194b4f9d1b74168ed41553bbfbc7d99903316365f577e0395da70ed5b5f66,completed,100,,2025-08-20T09:00:00+09:00,2025-08-20T09:00:00+09:00
d80251f0-c12e-542a-aba5-f17abca90a38,0a4f9295-ac96-59f7-b09d-fb82f68610c8,f2790941-d2e2-5684-a3c4-9d5190079275,DOC-0030_sales_emails_2025-08-05.md,email,text/markdown,dummy_data/02_raw_documents/sales_emails/DOC-0030_sales_emails_2025-08-05.md,131dc10203d81c1c74b8edb5bb681033054c837c0b7fe762a74b977320f5b913,completed,100,,2025-08-05T09:00:00+09:00,2025-08-05T09:00:00+09:00
8511f1b6-9b61-5f4e-aedf-d3ab93025679,0a4f9295-ac96-59f7-b09d-fb82f68610c8,b6ce97f8-0c0d-5492-88f5-8e92d3955338,DOC-0037_logistics_logs_2025-09-25.md,other,text/markdown,dummy_data/02_raw_documents/logistics_logs/DOC-0037_logistics_logs_2025-09-25.md,318aa2f0e8f8a449790ba1285bab3d7a149e55f56f503e0e0a71eb4d749f88c4,completed,100,,2025-09-25T09:00:00+09:00,2025-09-25T09:00:00+09:00
91f8ba7a-803b-5d0d-9d2e-219108ff227b,0a4f9295-ac96-59f7-b09d-fb82f68610c8,d2079b50-ac73-51af-b94b-106cf384cfbd,DOC-0038_purchase_emails_2025-09-14.md,other,text/markdown,dummy_data/02_raw_documents/purchase_emails/DOC-0038_purchase_emails_2025-09-14.md,04b435c67cb50cac65b45f8a78a1ef007f7654bb723c18480f0a0aade46e4825,completed,100,,2025-09-14T09:00:00+09:00,2025-09-14T09:00:00+09:00
5678eee1-0de1-55f6-a8ae-d29f7da7dc3b,0a4f9295-ac96-59f7-b09d-fb82f68610c8,458f1e97-c467-55f5-9f49-8de9d5d6cabf,DOC-0041_purchase_emails_2025-09-20.md,other,text/markdown,dummy_data/02_raw_documents/purchase_emails/DOC-0041_purchase_emails_2025-09-20.md,4e7477d4a59dbf224a178d00da839176709615e22ad7d9a8e564ad31f6d15c07,completed,100,,2025-09-20T09:00:00+09:00,2025-09-20T09:00:00+09:00
41e2142e-197e-58e8-8142-40c65764c915,0a4f9295-ac96-59f7-b09d-fb82f68610c8,b6ce97f8-0c0d-5492-88f5-8e92d3955338,DOC-0043_logistics_logs_2025-09-20.md,other,text/markdown,dummy_data/02_raw_documents/logistics_logs/DOC-0043_logistics_logs_2025-09-20.md,f5b8c09fb3ef9a5a79ac1a0b316a1829d78c6f327a073eb293661b39532a22b0,completed,100,,2025-09-20T09:00:00+09:00,2025-09-20T09:00:00+09:00
edc18a96-9fa3-5455-b6f9-496f46ddfb7c,0a4f9295-ac96-59f7-b09d-fb82f68610c8,b6ce97f8-0c0d-5492-88f5-8e92d3955338,DOC-0045_meeting_notes_2025-09-14.md,meeting,text/markdown,dummy_data/02_raw_documents/meeting_notes/DOC-0045_meeting_notes_2025-09-14.md,c5933e1731b4c1f323ff5a1beb998915e3e18ecd07d97cde8478699caa2da096,completed,100,,2025-09-14T09:00:00+09:00,2025-09-14T09:00:00+09:00
a0352cef-628a-5315-8454-41e1b347ed67,0a4f9295-ac96-59f7-b09d-fb82f68610c8,b6ce97f8-0c0d-5492-88f5-8e92d3955338,DOC-0046_logistics_logs_2025-09-14.md,other,text/markdown,dummy_data/02_raw_documents/logistics_logs/DOC-0046_logistics_logs_2025-09-14.md,e2f61035f3d4b9297f874cf0a6aff39dda9850fa3aa962319b5e98f5c708cdd9,completed,100,,2025-09-14T09:00:00+09:00,2025-09-14T09:00:00+09:00
7f1370b9-26ea-5360-963d-998a5b21aa9c,0a4f9295-ac96-59f7-b09d-fb82f68610c8,b6ce97f8-0c0d-5492-88f5-8e92d3955338,DOC-0055_logistics_logs_2025-10-31.md,other,text/markdown,dummy_data/02_raw_documents/logistics_logs/DOC-0055_logistics_logs_2025-10-31.md,b7739470c4bc558e745d1b6ca18584935a89ed03b29b051013b1e7bd27e7e162,completed,100,,2025-10-31T09:00:00+09:00,2025-10-31T09:00:00+09:00
4efc3bde-3942-505c-a0e6-912cd0a4c147,0a4f9295-ac96-59f7-b09d-fb82f68610c8,1c3dbb27-e66e-5657-b375-24a86482d558,DOC-0061_sales_emails_2025-11-25.md,email,text/markdown,dummy_data/02_raw_documents/sales_emails/DOC-0061_sales_emails_2025-11-25.md,e13491e7edcc5da40fb94d93edaa7b39daed5494938599a4ad2096e6b4e669bb,completed,100,,2025-11-25T09:00:00+09:00,2025-11-25T09:00:00+09:00
f6d2b185-b8c8-5514-a341-6b1d35e71d89,0a4f9295-ac96-59f7-b09d-fb82f68610c8,14c5dea0-99cd-5f9c-805f-c54d1c288527,DOC-0062_chat_logs_2025-11-13.md,chat,text/markdown,dummy_data/02_raw_documents/chat_logs/DOC-0062_chat_logs_2025-11-13.md,5fce7a9e0cfd3c6d0c59a07043fd5233394657365cc565b8d34dce9a360ebd35,completed,100,,2025-11-13T09:00:00+09:00,2025-11-13T09:00:00+09:00
a70e8b5c-8c7a-53ae-b018-f69916beec51,0a4f9295-ac96-59f7-b09d-fb82f68610c8,f2790941-d2e2-5684-a3c4-9d5190079275,DOC-0063_chat_logs_2025-11-08.md,chat,text/markdown,dummy_data/02_raw_documents/chat_logs/DOC-0063_chat_logs_2025-11-08.md,0ff3d5e4ef6afaa875ea56589af2dacd226863d287a31b8d69c869ea9000ff68,completed,100,,2025-11-08T09:00:00+09:00,2025-11-08T09:00:00+09:00
80e2281f-40a8-5720-b719-b77c252f7ddf,0a4f9295-ac96-59f7-b09d-fb82f68610c8,b6ce97f8-0c0d-5492-88f5-8e92d3955338,DOC-0064_quality_claims_2025-11-04.md,other,text/markdown,dummy_data/02_raw_documents/quality_claims/DOC-0064_quality_claims_2025-11-04.md,18118523a3168969fd385ef45f7851f53dd74acf71a1df447dfcb3acea44e54e,completed,100,,2025-11-04T09:00:00+09:00,2025-11-04T09:00:00+09:00
9145dc38-6aaa-51ea-9924-cf574f03d93f,0a4f9295-ac96-59f7-b09d-fb82f68610c8,b6ce97f8-0c0d-5492-88f5-8e92d3955338,DOC-0066_meeting_notes_2025-11-06.md,meeting,text/markdown,dummy_data/02_raw_documents/meeting_notes/DOC-0066_meeting_notes_2025-11-06.md,f487f8bc989239d926d78c126e52c24bbefa0c1567dc9a7d5be1aa8632b17f5e,completed,100,,2025-11-06T09:00:00+09:00,2025-11-06T09:00:00+09:00
782fd7cd-1fb6-5ac3-aaff-14c28fd5e6a3,0a4f9295-ac96-59f7-b09d-fb82f68610c8,14c5dea0-99cd-5f9c-805f-c54d1c288527,DOC-0073_sales_emails_2025-12-11.md,email,text/markdown,dummy_data/02_raw_documents/sales_emails/DOC-0073_sales_emails_2025-12-11.md,038ae3559674de502876251c2fab95e550a78eda0fbd14408419aa2d01903895,completed,100,,2025-12-11T09:00:00+09:00,2025-12-11T09:00:00+09:00
153025ff-b56d-5ca8-a90d-14868417d105,0a4f9295-ac96-59f7-b09d-fb82f68610c8,f2790941-d2e2-5684-a3c4-9d5190079275,DOC-0077_sales_emails_2025-12-13.md,email,text/markdown,dummy_data/02_raw_documents/sales_emails/DOC-0077_sales_emails_2025-12-13.md,6b37c013f5635f4c12075599e8bf18ec14cc0966aad634339dbf5f6b8efe79d5,completed,100,,2025-12-13T09:00:00+09:00,2025-12-13T09:00:00+09:00
41a1f441-f43d-5b8d-a383-02848263a7e6,0a4f9295-ac96-59f7-b09d-fb82f68610c8,b6ce97f8-0c0d-5492-88f5-8e92d3955338,DOC-0079_logistics_logs_2025-12-24.md,other,text/markdown,dummy_data/02_raw_documents/logistics_logs/DOC-0079_logistics_logs_2025-12-24.md,b54286850df454914cc984f4b51e19fce84a889e62e6cd59d9b5e2cdab0dfb6e,completed,100,,2025-12-24T09:00:00+09:00,2025-12-24T09:00:00+09:00
ecdf1fd8-4aae-5c37-bca8-d6033767d7de,0a4f9295-ac96-59f7-b09d-fb82f68610c8,1c3dbb27-e66e-5657-b375-24a86482d558,DOC-0080_chat_logs_2025-12-13.md,chat,text/markdown,dummy_data/02_raw_documents/chat_logs/DOC-0080_chat_logs_2025-12-13.md,8e8c1e7183cc30736af0dabd2b33c0d6fe537e06eee9a0ae8c20b760e1347481,completed,100,,2025-12-13T09:00:00+09:00,2025-12-13T09:00:00+09:00
2874f280-1730-5805-a537-c646d51b0524,0a4f9295-ac96-59f7-b09d-fb82f68610c8,88031485-b23f-5e98-bf28-4f157180e78c,DOC-0081_purchase_emails_2025-12-24.md,other,text/markdown,dummy_data/02_raw_documents/purchase_emails/DOC-0081_purchase_emails_2025-12-24.md,022c276e3fac0654e5b225373320b45e032b2eb53fd451ba5fc9c1c4422d57ad,completed,100,,2025-12-24T09:00:00+09:00,2025-12-24T09:00:00+09:00
062da557-9218-527f-ad8b-7cdf4d80f65b,0a4f9295-ac96-59f7-b09d-fb82f68610c8,b6ce97f8-0c0d-5492-88f5-8e92d3955338,DOC-0082_meeting_notes_2025-12-24.md,meeting,text/markdown,dummy_data/02_raw_documents/meeting_notes/DOC-0082_meeting_notes_2025-12-24.md,330147394e9e4ed09fd682f74973f0ae60d5f5c7704114faaa567469ca88e198,completed,100,,2025-12-24T09:00:00+09:00,2025-12-24T09:00:00+09:00
5c36c8d3-13e9-540f-ae08-c75a44311806,0a4f9295-ac96-59f7-b09d-fb82f68610c8,14c5dea0-99cd-5f9c-805f-c54d1c288527,DOC-0098_sales_emails_2026-02-20.md,email,text/markdown,dummy_data/02_raw_documents/sales_emails/DOC-0098_sales_emails_2026-02-20.md,6b6895a12fdd84d5bd60cb29a74f39e325d293b0bc413ac44f6a3b8fbb56acb2,completed,100,,2026-02-20T09:00:00+09:00,2026-02-20T09:00:00+09:00
0c5a2865-e24f-5641-80d4-db9cac16315e,0a4f9295-ac96-59f7-b09d-fb82f68610c8,b6ce97f8-0c0d-5492-88f5-8e92d3955338,DOC-0100_meeting_notes_2026-02-17.md,meeting,text/markdown,dummy_data/02_raw_documents/meeting_notes/DOC-0100_meeting_notes_2026-02-17.md,a4923502e3fa3ce72f9c4bad9309fe63a775ce689e7d1b4a22aab07f3f0b5194,completed,100,,2026-02-17T09:00:00+09:00,2026-02-17T09:00:00+09:00
f2ddfbd2-9afd-5d14-bade-198d47ce336c,0a4f9295-ac96-59f7-b09d-fb82f68610c8,b6ce97f8-0c0d-5492-88f5-8e92d3955338,DOC-0101_meeting_notes_2026-02-24.md,meeting,text/markdown,dummy_data/02_raw_documents/meeting_notes/DOC-0101_meeting_notes_2026-02-24.md,dfa5db62e910a5ec54abcdf9c15de0e825b0039ccab0f420e2065cd0d0126882,completed,100,,2026-02-24T09:00:00+09:00,2026-02-24T09:00:00+09:00
f51e0032-19b5-5d05-9ebd-45676f3f3916,0a4f9295-ac96-59f7-b09d-fb82f68610c8,1c3dbb27-e66e-5657-b375-24a86482d558,DOC-0102_chat_logs_2026-02-14.md,chat,text/markdown,dummy_data/02_raw_documents/chat_logs/DOC-0102_chat_logs_2026-02-14.md,b8e972b99071ebe81e81ca3001c700c39ffee51184a66adbbee1d94d40fd71a0,completed,100,,2026-02-14T09:00:00+09:00,2026-02-14T09:00:00+09:00
070f7ebb-32ef-5b60-a413-3875761c1e2c,0a4f9295-ac96-59f7-b09d-fb82f68610c8,b6ce97f8-0c0d-5492-88f5-8e92d3955338,DOC-0103_logistics_logs_2026-02-14.md,other,text/markdown,dummy_data/02_raw_documents/logistics_logs/DOC-0103_logistics_logs_2026-02-14.md,1ec76a69c98ac094895cdd0f02254959e82e842f45fbcdca571541ed2fa3877e,completed,100,,2026-02-14T09:00:00+09:00,2026-02-14T09:00:00+09:00
75939e73-b0b2-5e77-a12b-76cd39470e10,0a4f9295-ac96-59f7-b09d-fb82f68610c8,b6ce97f8-0c0d-5492-88f5-8e92d3955338,DOC-0104_meeting_notes_2026-02-14.md,meeting,text/markdown,dummy_data/02_raw_documents/meeting_notes/DOC-0104_meeting_notes_2026-02-14.md,227d8638b08be574c0d78e817fa65e7ecf4eabb2b59c92e651dd98815f0bffe3,completed,100,,2026-02-14T09:00:00+09:00,2026-02-14T09:00:00+09:00
fb52b609-abf6-59b1-a30d-10ee44d54a30,0a4f9295-ac96-59f7-b09d-fb82f68610c8,14c5dea0-99cd-5f9c-805f-c54d1c288527,DOC-0116_chat_logs_2026-03-31.md,chat,text/markdown,dummy_data/02_raw_documents/chat_logs/DOC-0116_chat_logs_2026-03-31.md,3e2b2a46d3feaafadf279b54f1e32c58191e5bab7109919e058e2b84cb0b404d,completed,100,,2026-03-31T09:00:00+09:00,2026-03-31T09:00:00+09:00
5aa6acb2-a396-5d5d-8c3c-94ff3cd8f2b5,0a4f9295-ac96-59f7-b09d-fb82f68610c8,b6ce97f8-0c0d-5492-88f5-8e92d3955338,DOC-0121_logistics_logs_2026-04-13.md,other,text/markdown,dummy_data/02_raw_documents/logistics_logs/DOC-0121_logistics_logs_2026-04-13.md,0c00bd005a02c0fbe9bbf244f85a99f623ac37b27ff719048b6c4976e13cfdf8,completed,100,,2026-04-13T09:00:00+09:00,2026-04-13T09:00:00+09:00
e08bebe7-0c20-54de-b8b6-d08ec7679074,0a4f9295-ac96-59f7-b09d-fb82f68610c8,1c3dbb27-e66e-5657-b375-24a86482d558,DOC-0123_sales_emails_2026-04-08.md,email,text/markdown,dummy_data/02_raw_documents/sales_emails/DOC-0123_sales_emails_2026-04-08.md,dffb76e3ffd43887bc266bb50459e92b350f404013397e4b0cbd2b540a3ebcda,completed,100,,2026-04-08T09:00:00+09:00,2026-04-08T09:00:00+09:00
d52af2d2-2e3b-56a7-8f9a-85d861858d38,0a4f9295-ac96-59f7-b09d-fb82f68610c8,b6ce97f8-0c0d-5492-88f5-8e92d3955338,DOC-0125_meeting_notes_2026-04-23.md,meeting,text/markdown,dummy_data/02_raw_documents/meeting_notes/DOC-0125_meeting_notes_2026-04-23.md,5e2a8b237e271ade77ece433fe67a46732d5fb9982ffb53d2e445e540beddc44,completed,100,,2026-04-23T09:00:00+09:00,2026-04-23T09:00:00+09:00
02dd4b39-b24f-5535-a959-5da6de72bd76,0a4f9295-ac96-59f7-b09d-fb82f68610c8,c3f365be-d56d-52d7-be68-83627bdf3e90,DOC-0126_quality_claims_2026-04-18.md,other,text/markdown,dummy_data/02_raw_documents/quality_claims/DOC-0126_quality_claims_2026-04-18.md,8ac241627def54a40fd489811b68de80b7b74ac3869b953f741b03461311d475,completed,100,,2026-04-18T09:00:00+09:00,2026-04-18T09:00:00+09:00
9e6ad2b8-1f4d-530f-b07d-2b91b8f1f34a,0a4f9295-ac96-59f7-b09d-fb82f68610c8,14c5dea0-99cd-5f9c-805f-c54d1c288527,DOC-0127_chat_logs_2026-04-20.md,chat,text/markdown,dummy_data/02_raw_documents/chat_logs/DOC-0127_chat_logs_2026-04-20.md,7bfd4abf56afff7655771f3b3e956130883ecc59ae785e85200ef2ffb9cb68ae,completed,100,,2026-04-20T09:00:00+09:00,2026-04-20T09:00:00+09:00
4c984cfe-95f8-5df6-ab1a-3b528208ac61,0a4f9295-ac96-59f7-b09d-fb82f68610c8,b6ce97f8-0c0d-5492-88f5-8e92d3955338,DOC-0133_meeting_notes_2026-05-23.md,meeting,text/markdown,dummy_data/02_raw_documents/meeting_notes/DOC-0133_meeting_notes_2026-05-23.md,2226c5f96e8dd3378a782a5f3150ffdf25cb7d816b1a2d4754ac4802d27b2154,completed,100,,2026-05-23T09:00:00+09:00,2026-05-23T09:00:00+09:00
2811438d-8da9-5984-8b53-1b6d8bf5b36b,0a4f9295-ac96-59f7-b09d-fb82f68610c8,1c3dbb27-e66e-5657-b375-24a86482d558,DOC-0134_chat_logs_2026-05-15.md,chat,text/markdown,dummy_data/02_raw_documents/chat_logs/DOC-0134_chat_logs_2026-05-15.md,0bf59ba81889089ff250ebc14572fbc4329394049584d00104259083a501e9fe,completed,100,,2026-05-15T09:00:00+09:00,2026-05-15T09:00:00+09:00
f15e9efc-db76-5f30-9cb3-f503681eda2e,0a4f9295-ac96-59f7-b09d-fb82f68610c8,c3f365be-d56d-52d7-be68-83627bdf3e90,DOC-0137_quality_claims_2026-05-30.md,other,text/markdown,dummy_data/02_raw_documents/quality_claims/DOC-0137_quality_claims_2026-05-30.md,46df60f999f82c8824ecaa355db2c4f694590d9f858d77e09c421965c63e8fa7,completed,100,,2026-05-30T09:00:00+09:00,2026-05-30T09:00:00+09:00
4436b700-3212-5880-b37d-c16747a39b47,0a4f9295-ac96-59f7-b09d-fb82f68610c8,b6ce97f8-0c0d-5492-88f5-8e92d3955338,DOC-0141_meeting_notes_2026-05-15.md,meeting,text/markdown,dummy_data/02_raw_documents/meeting_notes/DOC-0141_meeting_notes_2026-05-15.md,434f5ddab9863ae34325084adf4f4f0ffd021253603ec60a6ed2cd61195536c1,completed,100,,2026-05-15T09:00:00+09:00,2026-05-15T09:00:00+09:00
7e2f0afe-cab8-5b07-82f4-5ee3a5a9a7ca,0a4f9295-ac96-59f7-b09d-fb82f68610c8,b6ce97f8-0c0d-5492-88f5-8e92d3955338,DOC-0143_logistics_logs_2026-05-15.md,other,text/markdown,dummy_data/02_raw_documents/logistics_logs/DOC-0143_logistics_logs_2026-05-15.md,ddb357793e4000256fa7a0c2d0913b8889f42e0cff8b41970e80168dc9793ac3,completed,100,,2026-05-15T09:00:00+09:00,2026-05-15T09:00:00+09:00
8d615d73-fb3d-53e1-9bbf-4dc2bd4bfa14,0a4f9295-ac96-59f7-b09d-fb82f68610c8,b6ce97f8-0c0d-5492-88f5-8e92d3955338,DOC-0144_quality_claims_2026-05-08.md,other,text/markdown,dummy_data/02_raw_documents/quality_claims/DOC-0144_quality_claims_2026-05-08.md,47f2c30719b23b3125b9f9d932d125bdc503c8e6b8829c2cf2d5caf1860774ab,completed,100,,2026-05-08T09:00:00+09:00,2026-05-08T09:00:00+09:00
fd6e1b5c-e9a6-5ae4-8b34-1dea999a179a,0a4f9295-ac96-59f7-b09d-fb82f68610c8,1c3dbb27-e66e-5657-b375-24a86482d558,DOC-0013_sales_emails_2025-07-11.md,email,text/markdown,dummy_data/02_raw_documents/sales_emails/DOC-0013_sales_emails_2025-07-11.md,7e1a424750d0f77d5149765552e264d46ffb24bea5f570341d10058efd825ab1,completed,100,,2025-07-11T09:00:00+09:00,2025-07-11T09:00:00+09:00
a847da1f-2f23-538a-bfbc-a85fcbd35fa9,0a4f9295-ac96-59f7-b09d-fb82f68610c8,b6ce97f8-0c0d-5492-88f5-8e92d3955338,DOC-0017_meeting_notes_2025-07-19.md,meeting,text/markdown,dummy_data/02_raw_documents/meeting_notes/DOC-0017_meeting_notes_2025-07-19.md,7914601cafdb7ba6d0d1c30cc356f69ffc7b5e7ed5fa0c95c889a4bda3227389,completed,100,,2025-07-19T09:00:00+09:00,2025-07-19T09:00:00+09:00
409cce89-f582-5098-88fa-2e2b4adc2f81,0a4f9295-ac96-59f7-b09d-fb82f68610c8,b6ce97f8-0c0d-5492-88f5-8e92d3955338,DOC-0021_quality_claims_2025-07-23.md,issue_log,text/markdown,dummy_data/02_raw_documents/quality_claims/DOC-0021_quality_claims_2025-07-23.md,e3b3c47d4880d7cebe28cbc592962c8dee64b6c7638c0cb7eb23a7eaf6640fa4,completed,100,,2025-07-23T09:00:00+09:00,2025-07-23T09:00:00+09:00
7d69472a-378d-53c4-8558-b8eb26167aa7,0a4f9295-ac96-59f7-b09d-fb82f68610c8,88031485-b23f-5e98-bf28-4f157180e78c,DOC-0022_purchase_emails_2025-07-11.md,other,text/markdown,dummy_data/02_raw_documents/purchase_emails/DOC-0022_purchase_emails_2025-07-11.md,26481720cea30004bcae9f0b3818f1d77206e86aa1319e092da5a3429a5836ba,completed,100,,2025-07-11T09:00:00+09:00,2025-07-11T09:00:00+09:00
187c33f6-1464-5651-b323-2ab4bfc6f5d4,0a4f9295-ac96-59f7-b09d-fb82f68610c8,f2790941-d2e2-5684-a3c4-9d5190079275,DOC-2026-010-MESSY-001_messy_due_date_change_2026-07-08.md,email,text/markdown,dummy_data/02_raw_documents/sales_emails/DOC-2026-010-MESSY-001_messy_due_date_change_2026-07-08.md,d6abb60c6631dc954ebe59304372441d300f7590504ffbbc889f030de46eb9a7,completed,100,,2026-07-08T09:00:00+09:00,2026-07-08T09:00:00+09:00
46cb7918-338a-5184-af9b-400ef7ca2f2b,0a4f9295-ac96-59f7-b09d-fb82f68610c8,458f1e97-c467-55f5-9f49-8de9d5d6cabf,DOC-2026-010-MESSY-002_messy_due_date_change_2026-07-08.md,other,text/markdown,dummy_data/02_raw_documents/purchase_emails/DOC-2026-010-MESSY-002_messy_due_date_change_2026-07-08.md,d11e110514e059252504729dc41fd6312b3afbea8ee77a09d783c9d458127f1f,completed,100,,2026-07-08T09:00:00+09:00,2026-07-08T09:00:00+09:00
fd1ab97f-eaad-5fb5-be65-79a257bedb4e,0a4f9295-ac96-59f7-b09d-fb82f68610c8,f2790941-d2e2-5684-a3c4-9d5190079275,DOC-2026-010-MESSY-003_messy_due_date_change_2026-07-08.md,chat,text/markdown,dummy_data/02_raw_documents/chat_logs/DOC-2026-010-MESSY-003_messy_due_date_change_2026-07-08.md,7f68f0a2bdb5216b70961abd5786c36f14e5e598ccc9aab939554d9106c8e007,completed,100,,2026-07-08T09:00:00+09:00,2026-07-08T09:00:00+09:00
363788ea-d005-5d02-a0a4-d231b2452291,0a4f9295-ac96-59f7-b09d-fb82f68610c8,b6ce97f8-0c0d-5492-88f5-8e92d3955338,DOC-2026-010-MESSY-004_messy_due_date_change_2026-07-29.md,other,text/markdown,dummy_data/02_raw_documents/logistics_logs/DOC-2026-010-MESSY-004_messy_due_date_change_2026-07-29.md,f191ac080d999259fc0c86f12032de682a9906352b585615b6e02e745e6d9388,completed,100,,2026-07-29T09:00:00+09:00,2026-07-29T09:00:00+09:00
31d691e7-493c-55ee-bce1-3671cf3c0a7d,0a4f9295-ac96-59f7-b09d-fb82f68610c8,f2790941-d2e2-5684-a3c4-9d5190079275,DOC-2026-010-MESSY-005_messy_due_date_change_2026-07-29.md,email,text/markdown,dummy_data/02_raw_documents/sales_emails/DOC-2026-010-MESSY-005_messy_due_date_change_2026-07-29.md,86451127373c82bc0211f4c6f507d54735ff79c74161149aa075c9ebeb4e2650,completed,100,,2026-07-29T09:00:00+09:00,2026-07-29T09:00:00+09:00
91bcb458-346f-5ac5-9608-1fedcd8813c9,0a4f9295-ac96-59f7-b09d-fb82f68610c8,b6ce97f8-0c0d-5492-88f5-8e92d3955338,DOC-2026-010-MESSY-006_messy_due_date_change_2026-07-29.md,meeting,text/markdown,dummy_data/02_raw_documents/meeting_notes/DOC-2026-010-MESSY-006_messy_due_date_change_2026-07-29.md,f7a7fa4c3ef13ea827e94f0e54b730e63ef6d8a08233a77adaac44ecfe8e327e,completed,100,,2026-07-29T09:00:00+09:00,2026-07-29T09:00:00+09:00
a7a8b55d-1dee-5df0-86fb-c56d40439800,0a4f9295-ac96-59f7-b09d-fb82f68610c8,1c3dbb27-e66e-5657-b375-24a86482d558,DOC-2026-011-MESSY-001_messy_claim_or_logistics_damage_2026-08-04.md,email,text/markdown,dummy_data/02_raw_documents/sales_emails/DOC-2026-011-MESSY-001_messy_claim_or_logistics_damage_2026-08-04.md,334f6a075c729a4d7d5f5c1edd0d3798fe51892ce27634a0c6fc429d96847058,completed,100,,2026-08-04T09:00:00+09:00,2026-08-04T09:00:00+09:00
4ed51bd6-d088-5cb1-8003-1aed5e031eca,0a4f9295-ac96-59f7-b09d-fb82f68610c8,d2079b50-ac73-51af-b94b-106cf384cfbd,DOC-2026-011-MESSY-002_messy_claim_or_logistics_damage_2026-08-04.md,other,text/markdown,dummy_data/02_raw_documents/purchase_emails/DOC-2026-011-MESSY-002_messy_claim_or_logistics_damage_2026-08-04.md,f69716a545a9f6aa934d28deffcc9d107dd7ac808cb320fc0100d83a795a1bb3,completed,100,,2026-08-04T09:00:00+09:00,2026-08-04T09:00:00+09:00
f73d8368-18d4-52f8-9d2d-36608b5bdbfc,0a4f9295-ac96-59f7-b09d-fb82f68610c8,1c3dbb27-e66e-5657-b375-24a86482d558,DOC-2026-011-MESSY-003_messy_claim_or_logistics_damage_2026-08-04.md,chat,text/markdown,dummy_data/02_raw_documents/chat_logs/DOC-2026-011-MESSY-003_messy_claim_or_logistics_damage_2026-08-04.md,60c275766d1ce2ac70c7db33f26c1b0d921c9e8870ce8c36cc4d7ddfdb21bb8a,completed,100,,2026-08-04T09:00:00+09:00,2026-08-04T09:00:00+09:00
d884e18c-ff65-51be-9bfa-3737c4c2aa70,0a4f9295-ac96-59f7-b09d-fb82f68610c8,b6ce97f8-0c0d-5492-88f5-8e92d3955338,DOC-2026-011-MESSY-004_messy_claim_or_logistics_damage_2026-08-22.md,other,text/markdown,dummy_data/02_raw_documents/logistics_logs/DOC-2026-011-MESSY-004_messy_claim_or_logistics_damage_2026-08-22.md,191943eaeb565cbde05435169fc35fd7cfbb7396bb5f9f05500fa97907dc0a60,completed,100,,2026-08-22T09:00:00+09:00,2026-08-22T09:00:00+09:00
c10daca3-5212-5726-a6e5-19a70196dff9,0a4f9295-ac96-59f7-b09d-fb82f68610c8,1c3dbb27-e66e-5657-b375-24a86482d558,DOC-2026-011-MESSY-005_messy_claim_or_logistics_damage_2026-08-22.md,email,text/markdown,dummy_data/02_raw_documents/sales_emails/DOC-2026-011-MESSY-005_messy_claim_or_logistics_damage_2026-08-22.md,41563d2af86a2e2a3545687349cbae1d057b68a5e85a2f473d910dafc8bc1d5a,completed,100,,2026-08-22T09:00:00+09:00,2026-08-22T09:00:00+09:00
0f421b86-6cda-5021-8c7c-456cf6070ea9,0a4f9295-ac96-59f7-b09d-fb82f68610c8,b6ce97f8-0c0d-5492-88f5-8e92d3955338,DOC-2026-011-MESSY-006_messy_claim_or_logistics_damage_2026-08-22.md,meeting,text/markdown,dummy_data/02_raw_documents/meeting_notes/DOC-2026-011-MESSY-006_messy_claim_or_logistics_damage_2026-08-22.md,79b2cd0b4a84af5cee736f3c1a3cf6bd3e2db2e5837665ffd7ba678cb889aa7d,completed,100,,2026-08-22T09:00:00+09:00,2026-08-22T09:00:00+09:00
c2d811c8-12ba-5212-a065-1d038069a328,0a4f9295-ac96-59f7-b09d-fb82f68610c8,1c3dbb27-e66e-5657-b375-24a86482d558,DOC-2026-012-MESSY-001_messy_price_conflict_2026-09-01.md,email,text/markdown,dummy_data/02_raw_documents/sales_emails/DOC-2026-012-MESSY-001_messy_price_conflict_2026-09-01.md,1e4a20a42605d23262ee368b3c2ea59725514509d789602e98975cdd0cadaa8b,completed,100,,2026-09-01T09:00:00+09:00,2026-09-01T09:00:00+09:00
53866725-cc0c-5e22-b924-8b7ef5ddcc14,0a4f9295-ac96-59f7-b09d-fb82f68610c8,458f1e97-c467-55f5-9f49-8de9d5d6cabf,DOC-2026-012-MESSY-002_messy_price_conflict_2026-09-01.md,other,text/markdown,dummy_data/02_raw_documents/purchase_emails/DOC-2026-012-MESSY-002_messy_price_conflict_2026-09-01.md,cb5c4aea0dd7f9fd2c3c419cb3d33cc665ba7d2a5b6c388cf23bbc3e11043b6b,completed,100,,2026-09-01T09:00:00+09:00,2026-09-01T09:00:00+09:00
ec7d2a50-4e21-5119-9673-ebe5301ccb77,0a4f9295-ac96-59f7-b09d-fb82f68610c8,1c3dbb27-e66e-5657-b375-24a86482d558,DOC-2026-012-MESSY-003_messy_price_conflict_2026-09-01.md,chat,text/markdown,dummy_data/02_raw_documents/chat_logs/DOC-2026-012-MESSY-003_messy_price_conflict_2026-09-01.md,7f4eb56d27aeabc371c49f0090ac54fe5c956d6009d36c7fda5aa28c6f8fa052,completed,100,,2026-09-01T09:00:00+09:00,2026-09-01T09:00:00+09:00
586473cd-b2ae-51de-8a53-840acc2f3378,0a4f9295-ac96-59f7-b09d-fb82f68610c8,b6ce97f8-0c0d-5492-88f5-8e92d3955338,DOC-2026-012-MESSY-004_messy_price_conflict_2026-09-26.md,other,text/markdown,dummy_data/02_raw_documents/logistics_logs/DOC-2026-012-MESSY-004_messy_price_conflict_2026-09-26.md,8c213428ef3f71b507864cbe7f31b00e04ca3667604af162bdca2ce1679780a1,completed,100,,2026-09-26T09:00:00+09:00,2026-09-26T09:00:00+09:00
c3b00094-0ae6-5d84-83f7-edc2e82adbda,0a4f9295-ac96-59f7-b09d-fb82f68610c8,1c3dbb27-e66e-5657-b375-24a86482d558,DOC-2026-012-MESSY-005_messy_price_conflict_2026-09-26.md,email,text/markdown,dummy_data/02_raw_documents/sales_emails/DOC-2026-012-MESSY-005_messy_price_conflict_2026-09-26.md,d719dcad3f5f9af5f32a17abbde1910f0b7a951181043cc479a7f208906304f1,completed,100,,2026-09-26T09:00:00+09:00,2026-09-26T09:00:00+09:00
5049a897-4718-5d47-952b-fe559846cc3e,0a4f9295-ac96-59f7-b09d-fb82f68610c8,b6ce97f8-0c0d-5492-88f5-8e92d3955338,DOC-2026-012-MESSY-006_messy_price_conflict_2026-09-26.md,meeting,text/markdown,dummy_data/02_raw_documents/meeting_notes/DOC-2026-012-MESSY-006_messy_price_conflict_2026-09-26.md,385373bf8a4fb5067ce05bb11cd3c66abbe8ca8cfb2d5afc5da4b3dac7c18a32,completed,100,,2026-09-26T09:00:00+09:00,2026-09-26T09:00:00+09:00
70ac9a78-dd53-5d43-8bf7-c63bd563174f,0a4f9295-ac96-59f7-b09d-fb82f68610c8,14c5dea0-99cd-5f9c-805f-c54d1c288527,DOC-2026-013-MESSY-001_messy_month_end_shipment_confirmation_2026-10-24.md,email,text/markdown,dummy_data/02_raw_documents/sales_emails/DOC-2026-013-MESSY-001_messy_month_end_shipment_confirmation_2026-10-24.md,3b780350ce5b4dce3589513b0e53923b175eb6f84d74c8e720292a78a6354d4a,completed,100,,2026-10-24T09:00:00+09:00,2026-10-24T09:00:00+09:00
f8cd5cfb-8dbf-5a6e-aa93-857d16b75551,0a4f9295-ac96-59f7-b09d-fb82f68610c8,d2079b50-ac73-51af-b94b-106cf384cfbd,DOC-2026-013-MESSY-002_messy_month_end_shipment_confirmation_2026-10-24.md,other,text/markdown,dummy_data/02_raw_documents/purchase_emails/DOC-2026-013-MESSY-002_messy_month_end_shipment_confirmation_2026-10-24.md,7ba07d2b069538049396b4d1e0f3318788699cb11e174748680af58964eb97f2,completed,100,,2026-10-24T09:00:00+09:00,2026-10-24T09:00:00+09:00
2111ce44-ed70-5d21-ae18-df30dc21d85d,0a4f9295-ac96-59f7-b09d-fb82f68610c8,14c5dea0-99cd-5f9c-805f-c54d1c288527,DOC-2026-013-MESSY-003_messy_month_end_shipment_confirmation_2026-10-24.md,chat,text/markdown,dummy_data/02_raw_documents/chat_logs/DOC-2026-013-MESSY-003_messy_month_end_shipment_confirmation_2026-10-24.md,b0cc35dec3ab9806922002e30d0ecfd9ce97aeefda22aaaf14f4b3828ad207dd,completed,100,,2026-10-24T09:00:00+09:00,2026-10-24T09:00:00+09:00
3fc64370-a2fb-54e6-9520-45cdf7d9ea8a,0a4f9295-ac96-59f7-b09d-fb82f68610c8,b6ce97f8-0c0d-5492-88f5-8e92d3955338,DOC-2026-013-MESSY-004_messy_month_end_shipment_confirmation_2026-11-05.md,other,text/markdown,dummy_data/02_raw_documents/logistics_logs/DOC-2026-013-MESSY-004_messy_month_end_shipment_confirmation_2026-11-05.md,c2195a04e6e02661080cf162684ca23de7f9fe0e62ab67d390939f7339dc4780,completed,100,,2026-11-05T09:00:00+09:00,2026-11-05T09:00:00+09:00
d26634a0-0d2c-5528-ad6c-492245c8ddf9,0a4f9295-ac96-59f7-b09d-fb82f68610c8,14c5dea0-99cd-5f9c-805f-c54d1c288527,DOC-2026-013-MESSY-005_messy_month_end_shipment_confirmation_2026-11-05.md,email,text/markdown,dummy_data/02_raw_documents/sales_emails/DOC-2026-013-MESSY-005_messy_month_end_shipment_confirmation_2026-11-05.md,96c70e32e8de31927ca0f06fb18252e0711aea2ce73aee23e6fd44fe6d7f141b,completed,100,,2026-11-05T09:00:00+09:00,2026-11-05T09:00:00+09:00
c4d9866d-63e5-5716-b75c-98bb7a36a544,0a4f9295-ac96-59f7-b09d-fb82f68610c8,b6ce97f8-0c0d-5492-88f5-8e92d3955338,DOC-2026-013-MESSY-006_messy_month_end_shipment_confirmation_2026-11-05.md,meeting,text/markdown,dummy_data/02_raw_documents/meeting_notes/DOC-2026-013-MESSY-006_messy_month_end_shipment_confirmation_2026-11-05.md,4ce8a1a46e3e75d389a575afe8c0518aea5e0f5066b6089629906a77159a77fd,completed,100,,2026-11-05T09:00:00+09:00,2026-11-05T09:00:00+09:00
3a033ea3-30d1-5c77-bb71-fea186f69430,0a4f9295-ac96-59f7-b09d-fb82f68610c8,14c5dea0-99cd-5f9c-805f-c54d1c288527,DOC-2026-014-MESSY-001_messy_temporary_coverage_gap_2026-12-05.md,email,text/markdown,dummy_data/02_raw_documents/sales_emails/DOC-2026-014-MESSY-001_messy_temporary_coverage_gap_2026-12-05.md,e90bc2b657ef6cf92f195eac4cfc4314bdb001680fbf400447925dc285bd6b96,completed,100,,2026-12-05T09:00:00+09:00,2026-12-05T09:00:00+09:00
5328e33e-3ced-5034-be3e-2f1305523bd5,0a4f9295-ac96-59f7-b09d-fb82f68610c8,458f1e97-c467-55f5-9f49-8de9d5d6cabf,DOC-2026-014-MESSY-002_messy_temporary_coverage_gap_2026-12-05.md,other,text/markdown,dummy_data/02_raw_documents/purchase_emails/DOC-2026-014-MESSY-002_messy_temporary_coverage_gap_2026-12-05.md,15cb5c450cb24e893e3f41d155d96bff4c12470d179ac056e88333abb1236cd0,completed,100,,2026-12-05T09:00:00+09:00,2026-12-05T09:00:00+09:00
b902708b-c408-57af-bb1e-d1e30c4fba64,0a4f9295-ac96-59f7-b09d-fb82f68610c8,14c5dea0-99cd-5f9c-805f-c54d1c288527,DOC-2026-014-MESSY-003_messy_temporary_coverage_gap_2026-12-05.md,chat,text/markdown,dummy_data/02_raw_documents/chat_logs/DOC-2026-014-MESSY-003_messy_temporary_coverage_gap_2026-12-05.md,ccea6299b362f6e95ffd7cb803e419363641b5b863bd1537c295d2d7317b3c39,completed,100,,2026-12-05T09:00:00+09:00,2026-12-05T09:00:00+09:00
d961206a-7618-505a-baa4-0b0897dc5ea3,0a4f9295-ac96-59f7-b09d-fb82f68610c8,b6ce97f8-0c0d-5492-88f5-8e92d3955338,DOC-2026-014-MESSY-004_messy_temporary_coverage_gap_2026-12-20.md,other,text/markdown,dummy_data/02_raw_documents/logistics_logs/DOC-2026-014-MESSY-004_messy_temporary_coverage_gap_2026-12-20.md,7926be937114ee9b6ecf2b938dc5dfbc287beddde9c689a874f0e82fa4bd1483,completed,100,,2026-12-20T09:00:00+09:00,2026-12-20T09:00:00+09:00
a1f6aa7b-88ad-51aa-924c-798b1c4dd3b9,0a4f9295-ac96-59f7-b09d-fb82f68610c8,14c5dea0-99cd-5f9c-805f-c54d1c288527,DOC-2026-014-MESSY-005_messy_temporary_coverage_gap_2026-12-20.md,email,text/markdown,dummy_data/02_raw_documents/sales_emails/DOC-2026-014-MESSY-005_messy_temporary_coverage_gap_2026-12-20.md,bffa37342d2dc3b8e0fe93ddf87d4630841e1a8f63eb16f2ece53e9757bf5e0f,completed,100,,2026-12-20T09:00:00+09:00,2026-12-20T09:00:00+09:00
657644b6-0ba8-50f5-b5bf-e421f2e39026,0a4f9295-ac96-59f7-b09d-fb82f68610c8,b6ce97f8-0c0d-5492-88f5-8e92d3955338,DOC-2026-014-MESSY-006_messy_temporary_coverage_gap_2026-12-20.md,meeting,text/markdown,dummy_data/02_raw_documents/meeting_notes/DOC-2026-014-MESSY-006_messy_temporary_coverage_gap_2026-12-20.md,a5fa85c0ebac8815848b054eb696adc07d781068f7dbafdcd24fcd10dfceffc5,completed,100,,2026-12-20T09:00:00+09:00,2026-12-20T09:00:00+09:00
19c8a5c8-4964-5325-a8c0-40bd8198c9e5,0a4f9295-ac96-59f7-b09d-fb82f68610c8,1c3dbb27-e66e-5657-b375-24a86482d558,DOC-2026-015-MESSY-001_messy_substitute_approval_conflict_2026-11-18.md,email,text/markdown,dummy_data/02_raw_documents/sales_emails/DOC-2026-015-MESSY-001_messy_substitute_approval_conflict_2026-11-18.md,d1a682e11f51c2bc578ee537839a7bd02de22cd14791ea0650516308708ba46a,completed,100,,2026-11-18T09:00:00+09:00,2026-11-18T09:00:00+09:00
ac5f1a1b-615a-56ab-837f-2d893041608b,0a4f9295-ac96-59f7-b09d-fb82f68610c8,d2079b50-ac73-51af-b94b-106cf384cfbd,DOC-2026-015-MESSY-002_messy_substitute_approval_conflict_2026-11-18.md,other,text/markdown,dummy_data/02_raw_documents/purchase_emails/DOC-2026-015-MESSY-002_messy_substitute_approval_conflict_2026-11-18.md,245425e95444d843b1c141cd18f57076d7aec784c1ba9e10e793c9921478a8b6,completed,100,,2026-11-18T09:00:00+09:00,2026-11-18T09:00:00+09:00
3e63ee66-fd21-5c40-8549-2f0209a7bcab,0a4f9295-ac96-59f7-b09d-fb82f68610c8,1c3dbb27-e66e-5657-b375-24a86482d558,DOC-2026-015-MESSY-003_messy_substitute_approval_conflict_2026-11-18.md,chat,text/markdown,dummy_data/02_raw_documents/chat_logs/DOC-2026-015-MESSY-003_messy_substitute_approval_conflict_2026-11-18.md,bed97926e2143570ba59a276e6c886aab2ee7054ca778c2765dd4b6ab11ba4c2,completed,100,,2026-11-18T09:00:00+09:00,2026-11-18T09:00:00+09:00
9a816513-8f0f-50e3-afb5-0f1fd1fd4bd8,0a4f9295-ac96-59f7-b09d-fb82f68610c8,b6ce97f8-0c0d-5492-88f5-8e92d3955338,DOC-2026-015-MESSY-004_messy_substitute_approval_conflict_2026-12-03.md,other,text/markdown,dummy_data/02_raw_documents/logistics_logs/DOC-2026-015-MESSY-004_messy_substitute_approval_conflict_2026-12-03.md,243a44eb9fcef0e07e16a4f072fbf8531e99417432b4e0fe1f5244b25aea8658,completed,100,,2026-12-03T09:00:00+09:00,2026-12-03T09:00:00+09:00
bfa94f1f-28a7-5e90-8785-6ce48b4a3f1f,0a4f9295-ac96-59f7-b09d-fb82f68610c8,1c3dbb27-e66e-5657-b375-24a86482d558,DOC-2026-015-MESSY-005_messy_substitute_approval_conflict_2026-12-03.md,email,text/markdown,dummy_data/02_raw_documents/sales_emails/DOC-2026-015-MESSY-005_messy_substitute_approval_conflict_2026-12-03.md,996a7870109de6c15a57435e876a9e51f3867fa8e810c5b8a1afce936558330c,completed,100,,2026-12-03T09:00:00+09:00,2026-12-03T09:00:00+09:00
d5e08be1-08af-527e-b575-4659d8c68624,0a4f9295-ac96-59f7-b09d-fb82f68610c8,b6ce97f8-0c0d-5492-88f5-8e92d3955338,DOC-2026-015-MESSY-006_messy_substitute_approval_conflict_2026-12-03.md,meeting,text/markdown,dummy_data/02_raw_documents/meeting_notes/DOC-2026-015-MESSY-006_messy_substitute_approval_conflict_2026-12-03.md,c8a2c28eb3e62d7e0354b7e828e471091e1887f8fea26bb24bcf877ce18ea18d,completed,100,,2026-12-03T09:00:00+09:00,2026-12-03T09:00:00+09:00
