id,project_id,entity_type,title,summary,status,priority,owner_member_id,department_id,occurred_at,due_at,created_at,updated_at,deleted_at
BE-ORDER-0001,PROJ-001,customer_order,고객 주문 ORD-00001,CUS-005 AP-CB-510 3979개 주문,closed,medium,PM-003,DEPT-002,2025-08-08,2025-09-14,2025-08-08T09:00:00,2026-06-01T09:00:00,
BE-ORDER-0002,PROJ-001,customer_order,고객 주문 ORD-00002,CUS-001 AP-TM-118 569개 주문,shipped,medium,PM-002,DEPT-002,2026-04-04,2026-04-29,2026-04-04T09:00:00,2026-06-01T09:00:00,
BE-ORDER-0003,PROJ-001,customer_order,고객 주문 ORD-00003,CUS-002 AP-CN-204 2944개 주문,delayed,medium,PM-004,DEPT-002,2025-06-03,2025-07-02,2025-06-03T09:00:00,2026-06-01T09:00:00,
BE-ORDER-0004,PROJ-001,customer_order,고객 주문 ORD-00004,CUS-002 AP-CN-204 3078개 주문,delayed,medium,PM-003,DEPT-002,2026-01-23,2026-03-03,2026-01-23T09:00:00,2026-06-01T09:00:00,
BE-ORDER-0005,PROJ-001,customer_order,고객 주문 ORD-00005,CUS-003 AP-SC-330 5394개 주문,delayed,medium,PM-004,DEPT-002,2026-02-01,2026-02-09,2026-02-01T09:00:00,2026-06-01T09:00:00,
BE-ORDER-0006,PROJ-001,customer_order,고객 주문 ORD-00006,CUS-004 AP-RL-450 2510개 주문,closed,medium,PM-003,DEPT-002,2025-06-21,2025-07-06,2025-06-21T09:00:00,2026-06-01T09:00:00,
BE-ORDER-0007,PROJ-001,customer_order,고객 주문 ORD-00007,CUS-002 AP-CN-204 2735개 주문,closed,medium,PM-003,DEPT-002,2026-02-06,2026-03-05,2026-02-06T09:00:00,2026-06-01T09:00:00,
BE-ORDER-0008,PROJ-001,customer_order,고객 주문 ORD-00008,CUS-001 AP-WH-220 5718개 주문,shipped,medium,PM-004,DEPT-002,2025-10-08,2025-11-03,2025-10-08T09:00:00,2026-06-01T09:00:00,
BE-ORDER-0009,PROJ-001,customer_order,고객 주문 ORD-00009,CUS-003 AP-SC-330 4612개 주문,delayed,medium,PM-002,DEPT-002,2025-10-19,2025-11-02,2025-10-19T09:00:00,2026-06-01T09:00:00,
BE-ORDER-0010,PROJ-001,customer_order,고객 주문 ORD-00010,CUS-001 AP-TM-118 5486개 주문,closed,medium,PM-004,DEPT-002,2026-02-26,2026-04-01,2026-02-26T09:00:00,2026-06-01T09:00:00,
BE-ORDER-0011,PROJ-001,customer_order,고객 주문 ORD-00011,CUS-003 AP-SC-330 3090개 주문,closed,medium,PM-003,DEPT-002,2025-07-04,2025-08-14,2025-07-04T09:00:00,2026-06-01T09:00:00,
BE-ORDER-0012,PROJ-001,customer_order,고객 주문 ORD-00012,CUS-003 AP-SC-330 3059개 주문,closed,medium,PM-002,DEPT-002,2025-07-15,2025-08-11,2025-07-15T09:00:00,2026-06-01T09:00:00,
BE-ORDER-0013,PROJ-001,customer_order,고객 주문 ORD-00013,CUS-003 AP-SC-330 4663개 주문,delayed,medium,PM-002,DEPT-002,2025-09-08,2025-10-06,2025-09-08T09:00:00,2026-06-01T09:00:00,
BE-ORDER-0014,PROJ-001,customer_order,고객 주문 ORD-00014,CUS-003 AP-SC-330 1033개 주문,confirmed,medium,PM-004,DEPT-002,2026-02-01,2026-02-25,2026-02-01T09:00:00,2026-06-01T09:00:00,
BE-ORDER-0015,PROJ-001,customer_order,고객 주문 ORD-00015,CUS-002 AP-CN-204 820개 주문,shipped,medium,PM-003,DEPT-002,2025-11-14,2025-12-19,2025-11-14T09:00:00,2026-06-01T09:00:00,
BE-ORDER-0016,PROJ-001,customer_order,고객 주문 ORD-00016,CUS-005 AP-TM-118 237개 주문,shipped,medium,PM-004,DEPT-002,2026-02-25,2026-03-19,2026-02-25T09:00:00,2026-06-01T09:00:00,
BE-ORDER-0017,PROJ-001,customer_order,고객 주문 ORD-00017,CUS-001 AP-WH-220 5823개 주문,shipped,medium,PM-004,DEPT-002,2025-12-23,2026-01-02,2025-12-23T09:00:00,2026-06-01T09:00:00,
BE-ORDER-0018,PROJ-001,customer_order,고객 주문 ORD-00018,CUS-005 AP-CB-510 3998개 주문,confirmed,medium,PM-002,DEPT-002,2025-10-16,2025-11-05,2025-10-16T09:00:00,2026-06-01T09:00:00,
BE-ORDER-0019,PROJ-001,customer_order,고객 주문 ORD-00019,CUS-002 AP-RL-450 1782개 주문,shipped,medium,PM-004,DEPT-002,2026-03-17,2026-04-17,2026-03-17T09:00:00,2026-06-01T09:00:00,
BE-ORDER-0020,PROJ-001,customer_order,고객 주문 ORD-00020,CUS-001 AP-WH-220 5814개 주문,confirmed,medium,PM-002,DEPT-002,2026-01-24,2026-03-02,2026-01-24T09:00:00,2026-06-01T09:00:00,
BE-ORDER-0021,PROJ-001,customer_order,고객 주문 ORD-00021,CUS-001 AP-WH-220 5804개 주문,delayed,medium,PM-002,DEPT-002,2026-04-18,2026-06-01,2026-04-18T09:00:00,2026-06-01T09:00:00,
BE-ORDER-0022,PROJ-001,customer_order,고객 주문 ORD-00022,CUS-003 AP-SC-330 4468개 주문,closed,medium,PM-004,DEPT-002,2026-03-28,2026-04-12,2026-03-28T09:00:00,2026-06-01T09:00:00,
BE-ORDER-0023,PROJ-001,customer_order,고객 주문 ORD-00023,CUS-005 AP-CB-510 1673개 주문,closed,medium,PM-004,DEPT-002,2025-06-07,2025-07-15,2025-06-07T09:00:00,2026-06-01T09:00:00,
BE-ORDER-0024,PROJ-001,customer_order,고객 주문 ORD-00024,CUS-003 AP-CB-510 5139개 주문,shipped,medium,PM-003,DEPT-002,2025-06-11,2025-07-07,2025-06-11T09:00:00,2026-06-01T09:00:00,
BE-ORDER-0025,PROJ-001,customer_order,고객 주문 ORD-00025,CUS-003 AP-CB-510 1548개 주문,confirmed,medium,PM-002,DEPT-002,2026-02-05,2026-02-18,2026-02-05T09:00:00,2026-06-01T09:00:00,
BE-ORDER-0026,PROJ-001,customer_order,고객 주문 ORD-00026,CUS-004 AP-RL-450 2559개 주문,closed,medium,PM-003,DEPT-002,2025-09-19,2025-10-02,2025-09-19T09:00:00,2026-06-01T09:00:00,
BE-ORDER-0027,PROJ-001,customer_order,고객 주문 ORD-00027,CUS-004 AP-RL-450 2506개 주문,shipped,medium,PM-003,DEPT-002,2026-05-21,2026-06-01,2026-05-21T09:00:00,2026-06-01T09:00:00,
BE-ORDER-0028,PROJ-001,customer_order,고객 주문 ORD-00028,CUS-004 AP-RL-450 2170개 주문,shipped,medium,PM-002,DEPT-002,2026-04-07,2026-05-01,2026-04-07T09:00:00,2026-06-01T09:00:00,
BE-ORDER-0029,PROJ-001,customer_order,고객 주문 ORD-00029,CUS-003 AP-SC-330 5989개 주문,shipped,medium,PM-003,DEPT-002,2026-03-28,2026-05-02,2026-03-28T09:00:00,2026-06-01T09:00:00,
BE-ORDER-0030,PROJ-001,customer_order,고객 주문 ORD-00030,CUS-005 AP-CB-510 2190개 주문,confirmed,medium,PM-003,DEPT-002,2025-12-18,2026-01-23,2025-12-18T09:00:00,2026-06-01T09:00:00,
BE-ORDER-0031,PROJ-001,customer_order,고객 주문 ORD-00031,CUS-002 AP-CN-204 1339개 주문,closed,medium,PM-004,DEPT-002,2025-09-06,2025-10-21,2025-09-06T09:00:00,2026-06-01T09:00:00,
BE-ORDER-0032,PROJ-001,customer_order,고객 주문 ORD-00032,CUS-002 AP-CN-204 3663개 주문,closed,medium,PM-004,DEPT-002,2025-06-08,2025-06-24,2025-06-08T09:00:00,2026-06-01T09:00:00,
BE-ORDER-0033,PROJ-001,customer_order,고객 주문 ORD-00033,CUS-004 AP-RL-450 2878개 주문,delayed,medium,PM-002,DEPT-002,2026-02-15,2026-03-19,2026-02-15T09:00:00,2026-06-01T09:00:00,
BE-ORDER-0034,PROJ-001,customer_order,고객 주문 ORD-00034,CUS-002 AP-CN-204 5723개 주문,shipped,medium,PM-003,DEPT-002,2025-08-10,2025-08-31,2025-08-10T09:00:00,2026-06-01T09:00:00,
BE-ORDER-0035,PROJ-001,customer_order,고객 주문 ORD-00035,CUS-001 AP-TM-118 2872개 주문,confirmed,medium,PM-004,DEPT-002,2026-05-13,2026-06-01,2026-05-13T09:00:00,2026-06-01T09:00:00,
BE-ORDER-0036,PROJ-001,customer_order,고객 주문 ORD-00036,CUS-005 AP-CB-510 2968개 주문,delayed,medium,PM-002,DEPT-002,2026-02-02,2026-02-20,2026-02-02T09:00:00,2026-06-01T09:00:00,
BE-ORDER-0037,PROJ-001,customer_order,고객 주문 ORD-00037,CUS-001 AP-CN-204 2585개 주문,closed,medium,PM-004,DEPT-002,2025-06-08,2025-06-15,2025-06-08T09:00:00,2026-06-01T09:00:00,
BE-ORDER-0038,PROJ-001,customer_order,고객 주문 ORD-00038,CUS-005 AP-CB-510 1696개 주문,shipped,medium,PM-004,DEPT-002,2026-05-24,2026-06-01,2026-05-24T09:00:00,2026-06-01T09:00:00,
BE-ORDER-0039,PROJ-001,customer_order,고객 주문 ORD-00039,CUS-002 AP-CN-204 5477개 주문,delayed,medium,PM-004,DEPT-002,2026-04-01,2026-04-20,2026-04-01T09:00:00,2026-06-01T09:00:00,
BE-ORDER-0040,PROJ-001,customer_order,고객 주문 ORD-00040,CUS-003 AP-SC-330 4415개 주문,closed,medium,PM-004,DEPT-002,2025-08-06,2025-09-13,2025-08-06T09:00:00,2026-06-01T09:00:00,
BE-ORDER-0041,PROJ-001,customer_order,고객 주문 ORD-00041,CUS-002 AP-CN-204 5795개 주문,confirmed,medium,PM-004,DEPT-002,2026-01-15,2026-01-24,2026-01-15T09:00:00,2026-06-01T09:00:00,
BE-ORDER-0042,PROJ-001,customer_order,고객 주문 ORD-00042,CUS-004 AP-CN-204 5579개 주문,confirmed,medium,PM-002,DEPT-002,2026-01-28,2026-02-21,2026-01-28T09:00:00,2026-06-01T09:00:00,
BE-ORDER-0043,PROJ-001,customer_order,고객 주문 ORD-00043,CUS-001 AP-WH-220 4665개 주문,shipped,medium,PM-004,DEPT-002,2026-03-03,2026-03-20,2026-03-03T09:00:00,2026-06-01T09:00:00,
BE-ORDER-0044,PROJ-001,customer_order,고객 주문 ORD-00044,CUS-002 AP-CN-204 3021개 주문,confirmed,medium,PM-004,DEPT-002,2026-01-31,2026-02-21,2026-01-31T09:00:00,2026-06-01T09:00:00,
BE-ORDER-0045,PROJ-001,customer_order,고객 주문 ORD-00045,CUS-003 AP-SC-330 5236개 주문,delayed,medium,PM-002,DEPT-002,2025-10-13,2025-11-19,2025-10-13T09:00:00,2026-06-01T09:00:00,
BE-ORDER-0046,PROJ-001,customer_order,고객 주문 ORD-00046,CUS-005 AP-CB-510 5657개 주문,confirmed,medium,PM-004,DEPT-002,2026-01-23,2026-02-21,2026-01-23T09:00:00,2026-06-01T09:00:00,
BE-ORDER-0047,PROJ-001,customer_order,고객 주문 ORD-00047,CUS-003 AP-SC-330 4702개 주문,closed,medium,PM-004,DEPT-002,2026-02-26,2026-04-03,2026-02-26T09:00:00,2026-06-01T09:00:00,
BE-ORDER-0048,PROJ-001,customer_order,고객 주문 ORD-00048,CUS-003 AP-CB-510 2326개 주문,confirmed,medium,PM-003,DEPT-002,2026-01-08,2026-01-31,2026-01-08T09:00:00,2026-06-01T09:00:00,
BE-ORDER-0049,PROJ-001,customer_order,고객 주문 ORD-00049,CUS-005 AP-CB-510 1111개 주문,confirmed,medium,PM-004,DEPT-002,2025-12-09,2026-01-09,2025-12-09T09:00:00,2026-06-01T09:00:00,
BE-ORDER-0050,PROJ-001,customer_order,고객 주문 ORD-00050,CUS-004 AP-RL-450 4263개 주문,confirmed,medium,PM-003,DEPT-002,2025-12-14,2025-12-30,2025-12-14T09:00:00,2026-06-01T09:00:00,
BE-ORDER-0051,PROJ-001,customer_order,고객 주문 ORD-00051,CUS-005 AP-CB-510 4360개 주문,delayed,medium,PM-004,DEPT-002,2025-10-23,2025-11-03,2025-10-23T09:00:00,2026-06-01T09:00:00,
BE-ORDER-0052,PROJ-001,customer_order,고객 주문 ORD-00052,CUS-002 AP-RL-450 4931개 주문,confirmed,medium,PM-004,DEPT-002,2025-08-10,2025-09-12,2025-08-10T09:00:00,2026-06-01T09:00:00,
BE-ORDER-0053,PROJ-001,customer_order,고객 주문 ORD-00053,CUS-003 AP-SC-330 3625개 주문,confirmed,medium,PM-003,DEPT-002,2026-04-12,2026-04-30,2026-04-12T09:00:00,2026-06-01T09:00:00,
BE-ORDER-0054,PROJ-001,customer_order,고객 주문 ORD-00054,CUS-005 AP-CB-510 3081개 주문,shipped,medium,PM-004,DEPT-002,2026-04-12,2026-05-09,2026-04-12T09:00:00,2026-06-01T09:00:00,
BE-ORDER-0055,PROJ-001,customer_order,고객 주문 ORD-00055,CUS-004 AP-RL-450 4106개 주문,confirmed,medium,PM-002,DEPT-002,2025-09-16,2025-09-23,2025-09-16T09:00:00,2026-06-01T09:00:00,
BE-ORDER-0056,PROJ-001,customer_order,고객 주문 ORD-00056,CUS-003 AP-SC-330 1472개 주문,confirmed,medium,PM-003,DEPT-002,2026-02-10,2026-03-05,2026-02-10T09:00:00,2026-06-01T09:00:00,
BE-ORDER-0057,PROJ-001,customer_order,고객 주문 ORD-00057,CUS-002 AP-CN-204 4995개 주문,closed,medium,PM-002,DEPT-002,2026-03-09,2026-03-26,2026-03-09T09:00:00,2026-06-01T09:00:00,
BE-ORDER-0058,PROJ-001,customer_order,고객 주문 ORD-00058,CUS-003 AP-CB-510 2861개 주문,shipped,medium,PM-002,DEPT-002,2025-09-01,2025-09-26,2025-09-01T09:00:00,2026-06-01T09:00:00,
BE-ORDER-0059,PROJ-001,customer_order,고객 주문 ORD-00059,CUS-003 AP-CB-510 2270개 주문,closed,medium,PM-003,DEPT-002,2025-11-12,2025-11-20,2025-11-12T09:00:00,2026-06-01T09:00:00,
BE-ORDER-0060,PROJ-001,customer_order,고객 주문 ORD-00060,CUS-001 AP-WH-220 1893개 주문,shipped,medium,PM-003,DEPT-002,2026-03-06,2026-03-13,2026-03-06T09:00:00,2026-06-01T09:00:00,
BE-ORDER-0061,PROJ-001,customer_order,고객 주문 ORD-00061,CUS-002 AP-CN-204 3513개 주문,closed,medium,PM-003,DEPT-002,2026-03-19,2026-04-15,2026-03-19T09:00:00,2026-06-01T09:00:00,
BE-ORDER-0062,PROJ-001,customer_order,고객 주문 ORD-00062,CUS-003 AP-WH-220 5765개 주문,shipped,medium,PM-003,DEPT-002,2025-06-05,2025-07-20,2025-06-05T09:00:00,2026-06-01T09:00:00,
BE-ORDER-0063,PROJ-001,customer_order,고객 주문 ORD-00063,CUS-005 AP-CB-510 774개 주문,confirmed,medium,PM-003,DEPT-002,2025-11-01,2025-11-29,2025-11-01T09:00:00,2026-06-01T09:00:00,
BE-ORDER-0064,PROJ-001,customer_order,고객 주문 ORD-00064,CUS-003 AP-SC-330 1437개 주문,confirmed,medium,PM-003,DEPT-002,2025-08-25,2025-09-12,2025-08-25T09:00:00,2026-06-01T09:00:00,
BE-ORDER-0065,PROJ-001,customer_order,고객 주문 ORD-00065,CUS-001 AP-TM-118 906개 주문,delayed,medium,PM-004,DEPT-002,2026-02-04,2026-03-15,2026-02-04T09:00:00,2026-06-01T09:00:00,
BE-ORDER-0066,PROJ-001,customer_order,고객 주문 ORD-00066,CUS-004 AP-RL-450 972개 주문,confirmed,medium,PM-002,DEPT-002,2025-12-08,2025-12-15,2025-12-08T09:00:00,2026-06-01T09:00:00,
BE-ORDER-0067,PROJ-001,customer_order,고객 주문 ORD-00067,CUS-003 AP-SC-330 2465개 주문,confirmed,medium,PM-002,DEPT-002,2025-11-08,2025-12-04,2025-11-08T09:00:00,2026-06-01T09:00:00,
BE-ORDER-0068,PROJ-001,customer_order,고객 주문 ORD-00068,CUS-002 AP-CN-204 245개 주문,closed,medium,PM-003,DEPT-002,2025-07-06,2025-08-16,2025-07-06T09:00:00,2026-06-01T09:00:00,
BE-ORDER-0069,PROJ-001,customer_order,고객 주문 ORD-00069,CUS-003 AP-SC-330 2372개 주문,delayed,medium,PM-002,DEPT-002,2025-09-08,2025-10-01,2025-09-08T09:00:00,2026-06-01T09:00:00,
BE-ORDER-0070,PROJ-001,customer_order,고객 주문 ORD-00070,CUS-003 AP-CB-510 648개 주문,shipped,medium,PM-003,DEPT-002,2025-06-29,2025-07-10,2025-06-29T09:00:00,2026-06-01T09:00:00,
BE-ORDER-0071,PROJ-001,customer_order,고객 주문 ORD-00071,CUS-004 AP-RL-450 1679개 주문,closed,medium,PM-004,DEPT-002,2026-01-07,2026-01-19,2026-01-07T09:00:00,2026-06-01T09:00:00,
BE-ORDER-0072,PROJ-001,customer_order,고객 주문 ORD-00072,CUS-002 AP-CN-204 3737개 주문,shipped,medium,PM-003,DEPT-002,2025-07-28,2025-08-24,2025-07-28T09:00:00,2026-06-01T09:00:00,
BE-ORDER-0073,PROJ-001,customer_order,고객 주문 ORD-00073,CUS-001 AP-WH-220 1202개 주문,closed,medium,PM-003,DEPT-002,2025-09-06,2025-10-07,2025-09-06T09:00:00,2026-06-01T09:00:00,
BE-ORDER-0074,PROJ-001,customer_order,고객 주문 ORD-00074,CUS-005 AP-CB-510 3825개 주문,delayed,medium,PM-003,DEPT-002,2025-08-14,2025-08-28,2025-08-14T09:00:00,2026-06-01T09:00:00,
BE-ORDER-0075,PROJ-001,customer_order,고객 주문 ORD-00075,CUS-003 AP-SC-330 1998개 주문,delayed,medium,PM-004,DEPT-002,2025-12-27,2026-01-25,2025-12-27T09:00:00,2026-06-01T09:00:00,
BE-ORDER-0076,PROJ-001,customer_order,고객 주문 ORD-00076,CUS-001 AP-WH-220 4396개 주문,delayed,medium,PM-002,DEPT-002,2026-05-10,2026-06-01,2026-05-10T09:00:00,2026-06-01T09:00:00,
BE-ORDER-0077,PROJ-001,customer_order,고객 주문 ORD-00077,CUS-003 AP-SC-330 1479개 주문,confirmed,medium,PM-004,DEPT-002,2026-05-02,2026-05-14,2026-05-02T09:00:00,2026-06-01T09:00:00,
BE-ORDER-0078,PROJ-001,customer_order,고객 주문 ORD-00078,CUS-005 AP-CB-510 4724개 주문,closed,medium,PM-004,DEPT-002,2025-10-13,2025-11-22,2025-10-13T09:00:00,2026-06-01T09:00:00,
BE-ORDER-0079,PROJ-001,customer_order,고객 주문 ORD-00079,CUS-005 AP-CB-510 3945개 주문,delayed,medium,PM-004,DEPT-002,2025-10-27,2025-11-27,2025-10-27T09:00:00,2026-06-01T09:00:00,
BE-ORDER-0080,PROJ-001,customer_order,고객 주문 ORD-00080,CUS-001 AP-WH-220 4381개 주문,closed,medium,PM-003,DEPT-002,2025-11-22,2025-12-22,2025-11-22T09:00:00,2026-06-01T09:00:00,
BE-ORDER-0081,PROJ-001,customer_order,고객 주문 ORD-00081,CUS-003 AP-SC-330 1516개 주문,closed,medium,PM-004,DEPT-002,2025-07-09,2025-08-19,2025-07-09T09:00:00,2026-06-01T09:00:00,
BE-ORDER-0082,PROJ-001,customer_order,고객 주문 ORD-00082,CUS-004 AP-SC-330 5087개 주문,closed,medium,PM-003,DEPT-002,2026-02-13,2026-02-20,2026-02-13T09:00:00,2026-06-01T09:00:00,
BE-ORDER-0083,PROJ-001,customer_order,고객 주문 ORD-00083,CUS-001 AP-CN-204 3922개 주문,shipped,medium,PM-003,DEPT-002,2026-04-24,2026-05-21,2026-04-24T09:00:00,2026-06-01T09:00:00,
BE-ORDER-0084,PROJ-001,customer_order,고객 주문 ORD-00084,CUS-002 AP-CN-204 4924개 주문,delayed,medium,PM-003,DEPT-002,2025-06-03,2025-06-12,2025-06-03T09:00:00,2026-06-01T09:00:00,
BE-ORDER-0085,PROJ-001,customer_order,고객 주문 ORD-00085,CUS-002 AP-CN-204 5763개 주문,shipped,medium,PM-002,DEPT-002,2025-11-09,2025-11-16,2025-11-09T09:00:00,2026-06-01T09:00:00,
BE-ORDER-0086,PROJ-001,customer_order,고객 주문 ORD-00086,CUS-003 AP-SC-330 4510개 주문,delayed,medium,PM-003,DEPT-002,2026-01-09,2026-02-06,2026-01-09T09:00:00,2026-06-01T09:00:00,
BE-ORDER-0087,PROJ-001,customer_order,고객 주문 ORD-00087,CUS-001 AP-SC-330 1938개 주문,closed,medium,PM-004,DEPT-002,2025-11-10,2025-12-13,2025-11-10T09:00:00,2026-06-01T09:00:00,
BE-ORDER-0088,PROJ-001,customer_order,고객 주문 ORD-00088,CUS-001 AP-TM-118 4059개 주문,shipped,medium,PM-002,DEPT-002,2025-11-24,2025-12-02,2025-11-24T09:00:00,2026-06-01T09:00:00,
BE-ORDER-0089,PROJ-001,customer_order,고객 주문 ORD-00089,CUS-003 AP-SC-330 3715개 주문,closed,medium,PM-002,DEPT-002,2025-08-13,2025-08-29,2025-08-13T09:00:00,2026-06-01T09:00:00,
BE-ORDER-0090,PROJ-001,customer_order,고객 주문 ORD-00090,CUS-003 AP-CB-510 3701개 주문,confirmed,medium,PM-003,DEPT-002,2026-04-17,2026-05-01,2026-04-17T09:00:00,2026-06-01T09:00:00,
BE-ORDER-0091,PROJ-001,customer_order,고객 주문 ORD-00091,CUS-001 AP-WH-220 1969개 주문,shipped,medium,PM-003,DEPT-002,2025-12-12,2025-12-20,2025-12-12T09:00:00,2026-06-01T09:00:00,
BE-ORDER-0092,PROJ-001,customer_order,고객 주문 ORD-00092,CUS-001 AP-TM-118 605개 주문,confirmed,medium,PM-002,DEPT-002,2025-08-18,2025-09-06,2025-08-18T09:00:00,2026-06-01T09:00:00,
BE-ORDER-0093,PROJ-001,customer_order,고객 주문 ORD-00093,CUS-003 AP-SC-330 4837개 주문,confirmed,medium,PM-004,DEPT-002,2026-03-16,2026-04-17,2026-03-16T09:00:00,2026-06-01T09:00:00,
BE-ORDER-0094,PROJ-001,customer_order,고객 주문 ORD-00094,CUS-005 AP-CB-510 923개 주문,closed,medium,PM-003,DEPT-002,2025-06-10,2025-07-18,2025-06-10T09:00:00,2026-06-01T09:00:00,
BE-ORDER-0095,PROJ-001,customer_order,고객 주문 ORD-00095,CUS-001 AP-CN-204 2514개 주문,closed,medium,PM-002,DEPT-002,2025-10-31,2025-11-30,2025-10-31T09:00:00,2026-06-01T09:00:00,
BE-ORDER-0096,PROJ-001,customer_order,고객 주문 ORD-00096,CUS-004 AP-RL-450 2578개 주문,confirmed,medium,PM-003,DEPT-002,2025-06-21,2025-07-23,2025-06-21T09:00:00,2026-06-01T09:00:00,
BE-ORDER-0097,PROJ-001,customer_order,고객 주문 ORD-00097,CUS-005 AP-TM-118 5919개 주문,delayed,medium,PM-002,DEPT-002,2026-04-25,2026-05-08,2026-04-25T09:00:00,2026-06-01T09:00:00,
BE-ORDER-0098,PROJ-001,customer_order,고객 주문 ORD-00098,CUS-001 AP-TM-118 3524개 주문,confirmed,medium,PM-002,DEPT-002,2025-08-01,2025-09-07,2025-08-01T09:00:00,2026-06-01T09:00:00,
BE-ORDER-0099,PROJ-001,customer_order,고객 주문 ORD-00099,CUS-003 AP-TM-118 2041개 주문,shipped,medium,PM-002,DEPT-002,2025-11-22,2025-12-21,2025-11-22T09:00:00,2026-06-01T09:00:00,
BE-ORDER-0100,PROJ-001,customer_order,고객 주문 ORD-00100,CUS-005 AP-CB-510 2190개 주문,confirmed,medium,PM-004,DEPT-002,2025-07-24,2025-08-09,2025-07-24T09:00:00,2026-06-01T09:00:00,
BE-ORDER-0101,PROJ-001,customer_order,고객 주문 ORD-00101,CUS-001 AP-CB-510 4531개 주문,delayed,medium,PM-002,DEPT-002,2025-09-10,2025-10-02,2025-09-10T09:00:00,2026-06-01T09:00:00,
BE-ORDER-0102,PROJ-001,customer_order,고객 주문 ORD-00102,CUS-003 AP-WH-220 5387개 주문,delayed,medium,PM-004,DEPT-002,2025-07-13,2025-07-31,2025-07-13T09:00:00,2026-06-01T09:00:00,
BE-ORDER-0103,PROJ-001,customer_order,고객 주문 ORD-00103,CUS-002 AP-CN-204 5986개 주문,closed,medium,PM-004,DEPT-002,2025-10-13,2025-11-08,2025-10-13T09:00:00,2026-06-01T09:00:00,
BE-ORDER-0104,PROJ-001,customer_order,고객 주문 ORD-00104,CUS-003 AP-SC-330 5871개 주문,closed,medium,PM-002,DEPT-002,2026-04-26,2026-05-16,2026-04-26T09:00:00,2026-06-01T09:00:00,
BE-ORDER-0105,PROJ-001,customer_order,고객 주문 ORD-00105,CUS-003 AP-SC-330 4272개 주문,confirmed,medium,PM-002,DEPT-002,2026-02-06,2026-02-18,2026-02-06T09:00:00,2026-06-01T09:00:00,
BE-ORDER-0106,PROJ-001,customer_order,고객 주문 ORD-00106,CUS-001 AP-WH-220 5245개 주문,confirmed,medium,PM-004,DEPT-002,2026-05-16,2026-06-01,2026-05-16T09:00:00,2026-06-01T09:00:00,
BE-ORDER-0107,PROJ-001,customer_order,고객 주문 ORD-00107,CUS-003 AP-SC-330 1589개 주문,confirmed,medium,PM-004,DEPT-002,2025-09-20,2025-10-23,2025-09-20T09:00:00,2026-06-01T09:00:00,
BE-ORDER-0108,PROJ-001,customer_order,고객 주문 ORD-00108,CUS-003 AP-CB-510 2718개 주문,shipped,medium,PM-002,DEPT-002,2025-08-18,2025-09-30,2025-08-18T09:00:00,2026-06-01T09:00:00,
BE-ORDER-0109,PROJ-001,customer_order,고객 주문 ORD-00109,CUS-004 AP-RL-450 1640개 주문,delayed,medium,PM-003,DEPT-002,2026-02-28,2026-03-24,2026-02-28T09:00:00,2026-06-01T09:00:00,
BE-ORDER-0110,PROJ-001,customer_order,고객 주문 ORD-00110,CUS-001 AP-TM-118 5749개 주문,closed,medium,PM-002,DEPT-002,2025-08-26,2025-09-26,2025-08-26T09:00:00,2026-06-01T09:00:00,
BE-ORDER-0111,PROJ-001,customer_order,고객 주문 ORD-00111,CUS-002 AP-CN-204 2916개 주문,delayed,medium,PM-002,DEPT-002,2025-11-28,2026-01-10,2025-11-28T09:00:00,2026-06-01T09:00:00,
BE-ORDER-0112,PROJ-001,customer_order,고객 주문 ORD-00112,CUS-003 AP-SC-330 4620개 주문,shipped,medium,PM-002,DEPT-002,2026-01-03,2026-02-05,2026-01-03T09:00:00,2026-06-01T09:00:00,
BE-ORDER-0113,PROJ-001,customer_order,고객 주문 ORD-00113,CUS-002 AP-CN-204 5912개 주문,closed,medium,PM-003,DEPT-002,2025-11-21,2025-12-26,2025-11-21T09:00:00,2026-06-01T09:00:00,
BE-ORDER-0114,PROJ-001,customer_order,고객 주문 ORD-00114,CUS-001 AP-TM-118 5744개 주문,closed,medium,PM-004,DEPT-002,2026-02-28,2026-03-14,2026-02-28T09:00:00,2026-06-01T09:00:00,
BE-ORDER-0115,PROJ-001,customer_order,고객 주문 ORD-00115,CUS-003 AP-TM-118 804개 주문,closed,medium,PM-004,DEPT-002,2026-02-12,2026-02-19,2026-02-12T09:00:00,2026-06-01T09:00:00,
BE-ORDER-0116,PROJ-001,customer_order,고객 주문 ORD-00116,CUS-002 AP-CN-204 2235개 주문,shipped,medium,PM-003,DEPT-002,2025-09-01,2025-10-16,2025-09-01T09:00:00,2026-06-01T09:00:00,
BE-ORDER-0117,PROJ-001,customer_order,고객 주문 ORD-00117,CUS-003 AP-CB-510 2943개 주문,closed,medium,PM-002,DEPT-002,2025-12-25,2026-01-29,2025-12-25T09:00:00,2026-06-01T09:00:00,
BE-ORDER-0118,PROJ-001,customer_order,고객 주문 ORD-00118,CUS-004 AP-RL-450 4352개 주문,shipped,medium,PM-004,DEPT-002,2025-09-11,2025-09-26,2025-09-11T09:00:00,2026-06-01T09:00:00,
BE-ORDER-0119,PROJ-001,customer_order,고객 주문 ORD-00119,CUS-002 AP-CN-204 2419개 주문,confirmed,medium,PM-004,DEPT-002,2025-10-30,2025-11-28,2025-10-30T09:00:00,2026-06-01T09:00:00,
BE-ORDER-0120,PROJ-001,customer_order,고객 주문 ORD-00120,CUS-001 AP-CN-204 5553개 주문,delayed,medium,PM-002,DEPT-002,2026-04-04,2026-05-19,2026-04-04T09:00:00,2026-06-01T09:00:00,
BE-ORDER-0121,PROJ-001,customer_order,고객 주문 ORD-00121,CUS-002 AP-CN-204 1366개 주문,delayed,medium,PM-003,DEPT-002,2025-10-09,2025-10-29,2025-10-09T09:00:00,2026-06-01T09:00:00,
BE-ORDER-0122,PROJ-001,customer_order,고객 주문 ORD-00122,CUS-005 AP-WH-220 2163개 주문,delayed,medium,PM-004,DEPT-002,2025-08-03,2025-08-21,2025-08-03T09:00:00,2026-06-01T09:00:00,
BE-ORDER-0123,PROJ-001,customer_order,고객 주문 ORD-00123,CUS-005 AP-TM-118 5471개 주문,closed,medium,PM-003,DEPT-002,2026-05-26,2026-06-01,2026-05-26T09:00:00,2026-06-01T09:00:00,
BE-ORDER-0124,PROJ-001,customer_order,고객 주문 ORD-00124,CUS-005 AP-CB-510 3801개 주문,shipped,medium,PM-004,DEPT-002,2026-02-04,2026-02-12,2026-02-04T09:00:00,2026-06-01T09:00:00,
BE-ORDER-0125,PROJ-001,customer_order,고객 주문 ORD-00125,CUS-005 AP-CB-510 5036개 주문,closed,medium,PM-004,DEPT-002,2025-06-09,2025-07-14,2025-06-09T09:00:00,2026-06-01T09:00:00,
BE-ORDER-0126,PROJ-001,customer_order,고객 주문 ORD-00126,CUS-003 AP-SC-330 513개 주문,closed,medium,PM-002,DEPT-002,2025-10-01,2025-10-09,2025-10-01T09:00:00,2026-06-01T09:00:00,
BE-ORDER-0127,PROJ-001,customer_order,고객 주문 ORD-00127,CUS-005 AP-TM-118 1663개 주문,shipped,medium,PM-003,DEPT-002,2025-09-13,2025-10-22,2025-09-13T09:00:00,2026-06-01T09:00:00,
BE-ORDER-0128,PROJ-001,customer_order,고객 주문 ORD-00128,CUS-002 AP-CN-204 3617개 주문,confirmed,medium,PM-002,DEPT-002,2026-05-18,2026-06-01,2026-05-18T09:00:00,2026-06-01T09:00:00,
BE-ORDER-0129,PROJ-001,customer_order,고객 주문 ORD-00129,CUS-005 AP-CB-510 874개 주문,shipped,medium,PM-002,DEPT-002,2026-02-24,2026-03-21,2026-02-24T09:00:00,2026-06-01T09:00:00,
BE-ORDER-0130,PROJ-001,customer_order,고객 주문 ORD-00130,CUS-002 AP-CN-204 1895개 주문,confirmed,medium,PM-004,DEPT-002,2026-04-10,2026-04-30,2026-04-10T09:00:00,2026-06-01T09:00:00,
BE-ORDER-0131,PROJ-001,customer_order,고객 주문 ORD-00131,CUS-004 AP-CB-510 2000개 주문,issue_reported,medium,PM-004,DEPT-002,2026-05-02,2026-05-15,2026-05-02T09:00:00,2026-06-01T09:00:00,
BE-PO-0001,PROJ-001,purchase_order,구매 발주 PO-00001,SUP-002 AP-TM-118 3188개 구매 발주,partially_received,medium,PM-005,DEPT-003,2026-03-05,2026-04-16,2026-03-05T09:00:00,2026-06-01T09:00:00,
BE-PO-0002,PROJ-001,purchase_order,구매 발주 PO-00002,SUP-004 AP-SC-330 5588개 구매 발주,delayed,medium,PM-007,DEPT-003,2026-01-29,2026-03-05,2026-01-29T09:00:00,2026-06-01T09:00:00,
BE-PO-0003,PROJ-001,purchase_order,구매 발주 PO-00003,SUP-003 AP-RL-450 5602개 구매 발주,partially_received,medium,PM-006,DEPT-003,2026-02-08,2026-04-10,2026-02-08T09:00:00,2026-06-01T09:00:00,
BE-PO-0004,PROJ-001,purchase_order,구매 발주 PO-00004,SUP-005 AP-RL-450 3974개 구매 발주,received,medium,PM-006,DEPT-003,2025-10-01,2025-12-07,2025-10-01T09:00:00,2026-06-01T09:00:00,
BE-PO-0005,PROJ-001,purchase_order,구매 발주 PO-00005,SUP-002 AP-WH-220 3658개 구매 발주,open,medium,PM-005,DEPT-003,2025-07-18,2025-09-04,2025-07-18T09:00:00,2026-06-01T09:00:00,
BE-PO-0006,PROJ-001,purchase_order,구매 발주 PO-00006,SUP-001 AP-CN-204 4501개 구매 발주,received,medium,PM-007,DEPT-003,2025-08-28,2025-09-17,2025-08-28T09:00:00,2026-06-01T09:00:00,
BE-PO-0007,PROJ-001,purchase_order,구매 발주 PO-00007,SUP-001 AP-CN-204 7387개 구매 발주,delayed,medium,PM-006,DEPT-003,2025-06-30,2025-08-12,2025-06-30T09:00:00,2026-06-01T09:00:00,
BE-PO-0008,PROJ-001,purchase_order,구매 발주 PO-00008,SUP-002 AP-WH-220 4302개 구매 발주,partially_received,medium,PM-007,DEPT-003,2026-01-01,2026-01-27,2026-01-01T09:00:00,2026-06-01T09:00:00,
BE-PO-0009,PROJ-001,purchase_order,구매 발주 PO-00009,SUP-001 AP-SC-330 1395개 구매 발주,open,medium,PM-006,DEPT-003,2025-10-17,2025-12-04,2025-10-17T09:00:00,2026-06-01T09:00:00,
BE-PO-0010,PROJ-001,purchase_order,구매 발주 PO-00010,SUP-004 AP-SC-330 590개 구매 발주,open,medium,PM-007,DEPT-003,2025-08-02,2025-10-06,2025-08-02T09:00:00,2026-06-01T09:00:00,
BE-PO-0011,PROJ-001,purchase_order,구매 발주 PO-00011,SUP-004 AP-SC-330 3101개 구매 발주,open,medium,PM-007,DEPT-003,2025-10-29,2025-12-02,2025-10-29T09:00:00,2026-06-01T09:00:00,
BE-PO-0012,PROJ-001,purchase_order,구매 발주 PO-00012,SUP-004 AP-TM-118 5152개 구매 발주,open,medium,PM-007,DEPT-003,2026-03-04,2026-03-21,2026-03-04T09:00:00,2026-06-01T09:00:00,
BE-PO-0013,PROJ-001,purchase_order,구매 발주 PO-00013,SUP-002 AP-RL-450 3318개 구매 발주,partially_received,medium,PM-007,DEPT-003,2025-10-01,2025-11-05,2025-10-01T09:00:00,2026-06-01T09:00:00,
BE-PO-0014,PROJ-001,purchase_order,구매 발주 PO-00014,SUP-003 AP-CN-204 1158개 구매 발주,open,medium,PM-007,DEPT-003,2026-04-28,2026-05-22,2026-04-28T09:00:00,2026-06-01T09:00:00,
BE-PO-0015,PROJ-001,purchase_order,구매 발주 PO-00015,SUP-004 AP-CN-204 4282개 구매 발주,delayed,medium,PM-006,DEPT-003,2025-06-12,2025-08-20,2025-06-12T09:00:00,2026-06-01T09:00:00,
BE-PO-0016,PROJ-001,purchase_order,구매 발주 PO-00016,SUP-003 AP-RL-450 7273개 구매 발주,partially_received,medium,PM-005,DEPT-003,2025-06-27,2025-09-05,2025-06-27T09:00:00,2026-06-01T09:00:00,
BE-PO-0017,PROJ-001,purchase_order,구매 발주 PO-00017,SUP-002 AP-TM-118 6157개 구매 발주,delayed,medium,PM-006,DEPT-003,2025-10-07,2025-11-21,2025-10-07T09:00:00,2026-06-01T09:00:00,
BE-PO-0018,PROJ-001,purchase_order,구매 발주 PO-00018,SUP-003 AP-RL-450 6839개 구매 발주,open,medium,PM-007,DEPT-003,2026-01-29,2026-03-19,2026-01-29T09:00:00,2026-06-01T09:00:00,
BE-PO-0019,PROJ-001,purchase_order,구매 발주 PO-00019,SUP-004 AP-SC-330 4764개 구매 발주,received,medium,PM-007,DEPT-003,2025-07-27,2025-09-02,2025-07-27T09:00:00,2026-06-01T09:00:00,
BE-PO-0020,PROJ-001,purchase_order,구매 발주 PO-00020,SUP-001 AP-CN-204 3253개 구매 발주,delayed,medium,PM-005,DEPT-003,2026-01-14,2026-02-07,2026-01-14T09:00:00,2026-06-01T09:00:00,
BE-PO-0021,PROJ-001,purchase_order,구매 발주 PO-00021,SUP-001 AP-TM-118 7793개 구매 발주,open,medium,PM-005,DEPT-003,2026-01-21,2026-03-26,2026-01-21T09:00:00,2026-06-01T09:00:00,
BE-PO-0022,PROJ-001,purchase_order,구매 발주 PO-00022,SUP-004 AP-SC-330 2481개 구매 발주,received,medium,PM-007,DEPT-003,2025-11-29,2025-12-16,2025-11-29T09:00:00,2026-06-01T09:00:00,
BE-PO-0023,PROJ-001,purchase_order,구매 발주 PO-00023,SUP-004 AP-RL-450 2019개 구매 발주,delayed,medium,PM-006,DEPT-003,2025-12-29,2026-01-28,2025-12-29T09:00:00,2026-06-01T09:00:00,
BE-PO-0024,PROJ-001,purchase_order,구매 발주 PO-00024,SUP-001 AP-CB-510 6328개 구매 발주,received,medium,PM-007,DEPT-003,2026-05-02,2026-06-01,2026-05-02T09:00:00,2026-06-01T09:00:00,
BE-PO-0025,PROJ-001,purchase_order,구매 발주 PO-00025,SUP-001 AP-CN-204 6551개 구매 발주,delayed,medium,PM-006,DEPT-003,2025-08-03,2025-09-20,2025-08-03T09:00:00,2026-06-01T09:00:00,
BE-PO-0026,PROJ-001,purchase_order,구매 발주 PO-00026,SUP-004 AP-CN-204 7210개 구매 발주,received,medium,PM-007,DEPT-003,2025-09-12,2025-10-16,2025-09-12T09:00:00,2026-06-01T09:00:00,
BE-PO-0027,PROJ-001,purchase_order,구매 발주 PO-00027,SUP-002 AP-WH-220 6323개 구매 발주,partially_received,medium,PM-006,DEPT-003,2025-11-18,2026-01-21,2025-11-18T09:00:00,2026-06-01T09:00:00,
BE-PO-0028,PROJ-001,purchase_order,구매 발주 PO-00028,SUP-001 AP-TM-118 7911개 구매 발주,received,medium,PM-006,DEPT-003,2025-10-15,2025-11-18,2025-10-15T09:00:00,2026-06-01T09:00:00,
BE-PO-0029,PROJ-001,purchase_order,구매 발주 PO-00029,SUP-003 AP-TM-118 7896개 구매 발주,delayed,medium,PM-007,DEPT-003,2025-09-05,2025-10-17,2025-09-05T09:00:00,2026-06-01T09:00:00,
BE-PO-0030,PROJ-001,purchase_order,구매 발주 PO-00030,SUP-001 AP-WH-220 5478개 구매 발주,open,medium,PM-006,DEPT-003,2025-07-11,2025-08-25,2025-07-11T09:00:00,2026-06-01T09:00:00,
BE-PO-0031,PROJ-001,purchase_order,구매 발주 PO-00031,SUP-004 AP-SC-330 6547개 구매 발주,partially_received,medium,PM-005,DEPT-003,2026-01-02,2026-01-17,2026-01-02T09:00:00,2026-06-01T09:00:00,
BE-PO-0032,PROJ-001,purchase_order,구매 발주 PO-00032,SUP-001 AP-CN-204 5944개 구매 발주,received,medium,PM-005,DEPT-003,2026-01-17,2026-02-03,2026-01-17T09:00:00,2026-06-01T09:00:00,
BE-PO-0033,PROJ-001,purchase_order,구매 발주 PO-00033,SUP-004 AP-SC-330 3579개 구매 발주,received,medium,PM-006,DEPT-003,2026-02-27,2026-03-20,2026-02-27T09:00:00,2026-06-01T09:00:00,
BE-PO-0034,PROJ-001,purchase_order,구매 발주 PO-00034,SUP-003 AP-RL-450 4183개 구매 발주,open,medium,PM-007,DEPT-003,2026-04-05,2026-05-16,2026-04-05T09:00:00,2026-06-01T09:00:00,
BE-PO-0035,PROJ-001,purchase_order,구매 발주 PO-00035,SUP-003 AP-RL-450 6144개 구매 발주,partially_received,medium,PM-007,DEPT-003,2026-04-02,2026-05-22,2026-04-02T09:00:00,2026-06-01T09:00:00,
BE-PO-0036,PROJ-001,purchase_order,구매 발주 PO-00036,SUP-003 AP-RL-450 7622개 구매 발주,partially_received,medium,PM-006,DEPT-003,2025-09-08,2025-10-09,2025-09-08T09:00:00,2026-06-01T09:00:00,
BE-PO-0037,PROJ-001,purchase_order,구매 발주 PO-00037,SUP-002 AP-TM-118 7730개 구매 발주,partially_received,medium,PM-007,DEPT-003,2025-09-28,2025-10-30,2025-09-28T09:00:00,2026-06-01T09:00:00,
BE-PO-0038,PROJ-001,purchase_order,구매 발주 PO-00038,SUP-004 AP-CB-510 7483개 구매 발주,open,medium,PM-005,DEPT-003,2025-08-05,2025-09-07,2025-08-05T09:00:00,2026-06-01T09:00:00,
BE-PO-0039,PROJ-001,purchase_order,구매 발주 PO-00039,SUP-004 AP-SC-330 1754개 구매 발주,received,medium,PM-005,DEPT-003,2025-10-17,2025-12-05,2025-10-17T09:00:00,2026-06-01T09:00:00,
BE-PO-0040,PROJ-001,purchase_order,구매 발주 PO-00040,SUP-002 AP-TM-118 1470개 구매 발주,delayed,medium,PM-007,DEPT-003,2026-05-12,2026-06-01,2026-05-12T09:00:00,2026-06-01T09:00:00,
BE-PO-0041,PROJ-001,purchase_order,구매 발주 PO-00041,SUP-003 AP-RL-450 2942개 구매 발주,received,medium,PM-007,DEPT-003,2026-02-07,2026-03-26,2026-02-07T09:00:00,2026-06-01T09:00:00,
BE-PO-0042,PROJ-001,purchase_order,구매 발주 PO-00042,SUP-001 AP-CN-204 4775개 구매 발주,received,medium,PM-006,DEPT-003,2026-01-31,2026-02-18,2026-01-31T09:00:00,2026-06-01T09:00:00,
BE-PO-0043,PROJ-001,purchase_order,구매 발주 PO-00043,SUP-003 AP-TM-118 6909개 구매 발주,received,medium,PM-005,DEPT-003,2026-03-01,2026-04-13,2026-03-01T09:00:00,2026-06-01T09:00:00,
BE-PO-0044,PROJ-001,purchase_order,구매 발주 PO-00044,SUP-001 AP-CN-204 6202개 구매 발주,open,medium,PM-005,DEPT-003,2026-02-15,2026-03-13,2026-02-15T09:00:00,2026-06-01T09:00:00,
BE-PO-0045,PROJ-001,purchase_order,구매 발주 PO-00045,SUP-001 AP-CN-204 1399개 구매 발주,partially_received,medium,PM-006,DEPT-003,2025-06-17,2025-08-13,2025-06-17T09:00:00,2026-06-01T09:00:00,
BE-PO-0046,PROJ-001,purchase_order,구매 발주 PO-00046,SUP-003 AP-RL-450 3545개 구매 발주,received,medium,PM-006,DEPT-003,2025-09-24,2025-10-20,2025-09-24T09:00:00,2026-06-01T09:00:00,
BE-PO-0047,PROJ-001,purchase_order,구매 발주 PO-00047,SUP-004 AP-RL-450 7642개 구매 발주,open,medium,PM-007,DEPT-003,2025-10-13,2025-12-16,2025-10-13T09:00:00,2026-06-01T09:00:00,
BE-PO-0048,PROJ-001,purchase_order,구매 발주 PO-00048,SUP-005 AP-CB-510 7203개 구매 발주,open,medium,PM-006,DEPT-003,2025-10-20,2025-12-06,2025-10-20T09:00:00,2026-06-01T09:00:00,
BE-PO-0049,PROJ-001,purchase_order,구매 발주 PO-00049,SUP-004 AP-SC-330 7258개 구매 발주,delayed,medium,PM-007,DEPT-003,2025-10-19,2025-12-20,2025-10-19T09:00:00,2026-06-01T09:00:00,
BE-PO-0050,PROJ-001,purchase_order,구매 발주 PO-00050,SUP-001 AP-CN-204 7915개 구매 발주,partially_received,medium,PM-006,DEPT-003,2026-02-24,2026-03-29,2026-02-24T09:00:00,2026-06-01T09:00:00,
BE-PO-0051,PROJ-001,purchase_order,구매 발주 PO-00051,SUP-004 AP-SC-330 827개 구매 발주,open,medium,PM-005,DEPT-003,2025-06-26,2025-07-22,2025-06-26T09:00:00,2026-06-01T09:00:00,
BE-PO-0052,PROJ-001,purchase_order,구매 발주 PO-00052,SUP-001 AP-CB-510 7972개 구매 발주,open,medium,PM-005,DEPT-003,2025-06-25,2025-08-20,2025-06-25T09:00:00,2026-06-01T09:00:00,
BE-PO-0053,PROJ-001,purchase_order,구매 발주 PO-00053,SUP-004 AP-SC-330 2087개 구매 발주,delayed,medium,PM-006,DEPT-003,2026-03-28,2026-05-05,2026-03-28T09:00:00,2026-06-01T09:00:00,
BE-PO-0054,PROJ-001,purchase_order,구매 발주 PO-00054,SUP-005 AP-CB-510 2366개 구매 발주,received,medium,PM-006,DEPT-003,2025-07-09,2025-09-01,2025-07-09T09:00:00,2026-06-01T09:00:00,
BE-PO-0055,PROJ-001,purchase_order,구매 발주 PO-00055,SUP-004 AP-SC-330 4463개 구매 발주,received,medium,PM-006,DEPT-003,2025-12-28,2026-03-08,2025-12-28T09:00:00,2026-06-01T09:00:00,
BE-PO-0056,PROJ-001,purchase_order,구매 발주 PO-00056,SUP-001 AP-CN-204 6508개 구매 발주,received,medium,PM-005,DEPT-003,2025-07-18,2025-09-18,2025-07-18T09:00:00,2026-06-01T09:00:00,
BE-PO-0057,PROJ-001,purchase_order,구매 발주 PO-00057,SUP-001 AP-CN-204 1899개 구매 발주,open,medium,PM-007,DEPT-003,2025-12-08,2025-12-30,2025-12-08T09:00:00,2026-06-01T09:00:00,
BE-PO-0058,PROJ-001,purchase_order,구매 발주 PO-00058,SUP-004 AP-SC-330 7217개 구매 발주,delayed,medium,PM-006,DEPT-003,2025-06-13,2025-08-15,2025-06-13T09:00:00,2026-06-01T09:00:00,
BE-PO-0059,PROJ-001,purchase_order,구매 발주 PO-00059,SUP-001 AP-CB-510 6270개 구매 발주,partially_received,medium,PM-005,DEPT-003,2025-08-05,2025-09-15,2025-08-05T09:00:00,2026-06-01T09:00:00,
BE-PO-0060,PROJ-001,purchase_order,구매 발주 PO-00060,SUP-002 AP-CB-510 4797개 구매 발주,open,medium,PM-006,DEPT-003,2025-11-04,2026-01-03,2025-11-04T09:00:00,2026-06-01T09:00:00,
BE-PO-0061,PROJ-001,purchase_order,구매 발주 PO-00061,SUP-005 AP-CB-510 6667개 구매 발주,received,medium,PM-006,DEPT-003,2026-01-06,2026-01-25,2026-01-06T09:00:00,2026-06-01T09:00:00,
BE-PO-0062,PROJ-001,purchase_order,구매 발주 PO-00062,SUP-001 AP-CN-204 577개 구매 발주,open,medium,PM-006,DEPT-003,2025-12-25,2026-02-10,2025-12-25T09:00:00,2026-06-01T09:00:00,
BE-PO-0063,PROJ-001,purchase_order,구매 발주 PO-00063,SUP-001 AP-CN-204 5635개 구매 발주,open,medium,PM-006,DEPT-003,2025-07-10,2025-09-01,2025-07-10T09:00:00,2026-06-01T09:00:00,
BE-PO-0064,PROJ-001,purchase_order,구매 발주 PO-00064,SUP-004 AP-CB-510 3099개 구매 발주,partially_received,medium,PM-007,DEPT-003,2025-06-28,2025-08-05,2025-06-28T09:00:00,2026-06-01T09:00:00,
BE-PO-0065,PROJ-001,purchase_order,구매 발주 PO-00065,SUP-003 AP-SC-330 587개 구매 발주,received,medium,PM-006,DEPT-003,2025-09-09,2025-10-20,2025-09-09T09:00:00,2026-06-01T09:00:00,
BE-PO-0066,PROJ-001,purchase_order,구매 발주 PO-00066,SUP-004 AP-SC-330 7613개 구매 발주,open,medium,PM-006,DEPT-003,2025-06-13,2025-08-16,2025-06-13T09:00:00,2026-06-01T09:00:00,
BE-PO-0067,PROJ-001,purchase_order,구매 발주 PO-00067,SUP-001 AP-CB-510 4970개 구매 발주,delayed,medium,PM-005,DEPT-003,2026-05-19,2026-06-01,2026-05-19T09:00:00,2026-06-01T09:00:00,
BE-PO-0068,PROJ-001,purchase_order,구매 발주 PO-00068,SUP-004 AP-WH-220 6267개 구매 발주,open,medium,PM-005,DEPT-003,2025-07-27,2025-08-15,2025-07-27T09:00:00,2026-06-01T09:00:00,
BE-PO-0069,PROJ-001,purchase_order,구매 발주 PO-00069,SUP-003 AP-CN-204 2471개 구매 발주,partially_received,medium,PM-005,DEPT-003,2025-10-07,2025-12-07,2025-10-07T09:00:00,2026-06-01T09:00:00,
BE-PO-0070,PROJ-001,purchase_order,구매 발주 PO-00070,SUP-004 AP-SC-330 3351개 구매 발주,partially_received,medium,PM-006,DEPT-003,2025-10-22,2025-11-18,2025-10-22T09:00:00,2026-06-01T09:00:00,
BE-PO-0071,PROJ-001,purchase_order,구매 발주 PO-00071,SUP-001 AP-CB-510 3453개 구매 발주,open,medium,PM-006,DEPT-003,2025-09-23,2025-11-26,2025-09-23T09:00:00,2026-06-01T09:00:00,
BE-PO-0072,PROJ-001,purchase_order,구매 발주 PO-00072,SUP-005 AP-CB-510 924개 구매 발주,open,medium,PM-007,DEPT-003,2025-07-24,2025-08-31,2025-07-24T09:00:00,2026-06-01T09:00:00,
BE-PO-0073,PROJ-001,purchase_order,구매 발주 PO-00073,SUP-001 AP-CN-204 1912개 구매 발주,delayed,medium,PM-006,DEPT-003,2026-01-19,2026-03-27,2026-01-19T09:00:00,2026-06-01T09:00:00,
BE-PO-0074,PROJ-001,purchase_order,구매 발주 PO-00074,SUP-001 AP-RL-450 5186개 구매 발주,open,medium,PM-007,DEPT-003,2025-06-14,2025-07-27,2025-06-14T09:00:00,2026-06-01T09:00:00,
BE-PO-0075,PROJ-001,purchase_order,구매 발주 PO-00075,SUP-001 AP-CN-204 5970개 구매 발주,partially_received,medium,PM-005,DEPT-003,2025-11-02,2025-12-20,2025-11-02T09:00:00,2026-06-01T09:00:00,
BE-PO-0076,PROJ-001,purchase_order,구매 발주 PO-00076,SUP-002 AP-TM-118 7001개 구매 발주,delayed,medium,PM-007,DEPT-003,2026-05-11,2026-06-01,2026-05-11T09:00:00,2026-06-01T09:00:00,
BE-PO-0077,PROJ-001,purchase_order,구매 발주 PO-00077,SUP-004 AP-SC-330 7529개 구매 발주,partially_received,medium,PM-006,DEPT-003,2025-08-02,2025-09-13,2025-08-02T09:00:00,2026-06-01T09:00:00,
BE-PO-0078,PROJ-001,purchase_order,구매 발주 PO-00078,SUP-001 AP-CN-204 5091개 구매 발주,delayed,medium,PM-006,DEPT-003,2025-08-13,2025-09-23,2025-08-13T09:00:00,2026-06-01T09:00:00,
BE-PO-0079,PROJ-001,purchase_order,구매 발주 PO-00079,SUP-004 AP-SC-330 5745개 구매 발주,received,medium,PM-005,DEPT-003,2026-02-18,2026-04-03,2026-02-18T09:00:00,2026-06-01T09:00:00,
BE-PO-0080,PROJ-001,purchase_order,구매 발주 PO-00080,SUP-002 AP-CB-510 2838개 구매 발주,received,medium,PM-006,DEPT-003,2026-01-03,2026-02-20,2026-01-03T09:00:00,2026-06-01T09:00:00,
BE-PO-0081,PROJ-001,purchase_order,구매 발주 PO-00081,SUP-004 AP-SC-330 7768개 구매 발주,delayed,medium,PM-006,DEPT-003,2026-03-22,2026-05-24,2026-03-22T09:00:00,2026-06-01T09:00:00,
BE-PO-0082,PROJ-001,purchase_order,구매 발주 PO-00082,SUP-004 AP-SC-330 6451개 구매 발주,delayed,medium,PM-006,DEPT-003,2025-10-13,2025-12-05,2025-10-13T09:00:00,2026-06-01T09:00:00,
BE-PO-0083,PROJ-001,purchase_order,구매 발주 PO-00083,SUP-002 AP-CB-510 4908개 구매 발주,open,medium,PM-005,DEPT-003,2026-01-06,2026-03-13,2026-01-06T09:00:00,2026-06-01T09:00:00,
BE-PO-0084,PROJ-001,purchase_order,구매 발주 PO-00084,SUP-001 AP-CB-510 5677개 구매 발주,partially_received,medium,PM-007,DEPT-003,2025-10-04,2025-11-01,2025-10-04T09:00:00,2026-06-01T09:00:00,
BE-PO-0085,PROJ-001,purchase_order,구매 발주 PO-00085,SUP-005 AP-CB-510 5021개 구매 발주,partially_received,medium,PM-007,DEPT-003,2025-07-19,2025-08-18,2025-07-19T09:00:00,2026-06-01T09:00:00,
BE-PO-0086,PROJ-001,purchase_order,구매 발주 PO-00086,SUP-004 AP-CB-510 1746개 구매 발주,partially_received,medium,PM-005,DEPT-003,2026-02-26,2026-04-15,2026-02-26T09:00:00,2026-06-01T09:00:00,
BE-PO-0087,PROJ-001,purchase_order,구매 발주 PO-00087,SUP-004 AP-SC-330 5288개 구매 발주,received,medium,PM-005,DEPT-003,2025-11-25,2026-01-24,2025-11-25T09:00:00,2026-06-01T09:00:00,
BE-PO-0088,PROJ-001,purchase_order,구매 발주 PO-00088,SUP-002 AP-WH-220 3860개 구매 발주,partially_received,medium,PM-005,DEPT-003,2026-04-18,2026-06-01,2026-04-18T09:00:00,2026-06-01T09:00:00,
BE-PO-0089,PROJ-001,purchase_order,구매 발주 PO-00089,SUP-004 AP-SC-330 1293개 구매 발주,delayed,medium,PM-006,DEPT-003,2026-02-06,2026-02-28,2026-02-06T09:00:00,2026-06-01T09:00:00,
BE-PO-0090,PROJ-001,purchase_order,구매 발주 PO-00090,SUP-001 AP-CN-204 4650개 구매 발주,partially_received,medium,PM-007,DEPT-003,2026-03-15,2026-05-02,2026-03-15T09:00:00,2026-06-01T09:00:00,
BE-PO-0091,PROJ-001,purchase_order,구매 발주 PO-00091,SUP-001 AP-TM-118 4526개 구매 발주,received,medium,PM-007,DEPT-003,2025-08-17,2025-10-08,2025-08-17T09:00:00,2026-06-01T09:00:00,
BE-PO-0092,PROJ-001,purchase_order,구매 발주 PO-00092,SUP-004 AP-CB-510 2613개 구매 발주,delayed,medium,PM-007,DEPT-003,2026-05-18,2026-06-01,2026-05-18T09:00:00,2026-06-01T09:00:00,
BE-PO-0093,PROJ-001,purchase_order,구매 발주 PO-00093,SUP-001 AP-CN-204 5285개 구매 발주,received,medium,PM-007,DEPT-003,2025-09-12,2025-11-07,2025-09-12T09:00:00,2026-06-01T09:00:00,
BE-PO-0094,PROJ-001,purchase_order,구매 발주 PO-00094,SUP-001 AP-RL-450 1664개 구매 발주,open,medium,PM-007,DEPT-003,2026-02-18,2026-04-16,2026-02-18T09:00:00,2026-06-01T09:00:00,
BE-PO-0095,PROJ-001,purchase_order,구매 발주 PO-00095,SUP-001 AP-CN-204 785개 구매 발주,delayed,medium,PM-005,DEPT-003,2025-12-28,2026-01-18,2025-12-28T09:00:00,2026-06-01T09:00:00,
BE-PO-0096,PROJ-001,purchase_order,구매 발주 PO-00096,SUP-003 AP-CB-510 4737개 구매 발주,delayed,medium,PM-005,DEPT-003,2025-06-23,2025-07-25,2025-06-23T09:00:00,2026-06-01T09:00:00,
BE-PO-0097,PROJ-001,purchase_order,구매 발주 PO-00097,SUP-002 AP-TM-118 2614개 구매 발주,partially_received,medium,PM-006,DEPT-003,2025-07-22,2025-09-16,2025-07-22T09:00:00,2026-06-01T09:00:00,
BE-PO-0098,PROJ-001,purchase_order,구매 발주 PO-00098,SUP-003 AP-TM-118 6600개 구매 발주,delayed,medium,PM-005,DEPT-003,2026-03-31,2026-05-23,2026-03-31T09:00:00,2026-06-01T09:00:00,
BE-PO-0099,PROJ-001,purchase_order,구매 발주 PO-00099,SUP-005 AP-CB-510 1886개 구매 발주,partially_received,medium,PM-006,DEPT-003,2026-03-08,2026-04-02,2026-03-08T09:00:00,2026-06-01T09:00:00,
BE-PO-0100,PROJ-001,purchase_order,구매 발주 PO-00100,SUP-001 AP-CB-510 6747개 구매 발주,partially_received,medium,PM-007,DEPT-003,2025-12-19,2026-01-23,2025-12-19T09:00:00,2026-06-01T09:00:00,
BE-PO-0101,PROJ-001,purchase_order,구매 발주 PO-00101,SUP-002 AP-TM-118 827개 구매 발주,received,medium,PM-007,DEPT-003,2025-10-03,2025-11-01,2025-10-03T09:00:00,2026-06-01T09:00:00,
BE-PO-0102,PROJ-001,purchase_order,구매 발주 PO-00102,SUP-004 AP-SC-330 5593개 구매 발주,partially_received,medium,PM-007,DEPT-003,2026-04-15,2026-06-01,2026-04-15T09:00:00,2026-06-01T09:00:00,
BE-PO-0103,PROJ-001,purchase_order,구매 발주 PO-00103,SUP-002 AP-CB-510 2052개 구매 발주,delayed,medium,PM-007,DEPT-003,2025-12-17,2026-01-30,2025-12-17T09:00:00,2026-06-01T09:00:00,
BE-PO-0104,PROJ-001,purchase_order,구매 발주 PO-00104,SUP-002 AP-TM-118 4218개 구매 발주,open,medium,PM-005,DEPT-003,2026-03-02,2026-03-31,2026-03-02T09:00:00,2026-06-01T09:00:00,
BE-PO-0105,PROJ-001,purchase_order,구매 발주 PO-00105,SUP-001 AP-TM-118 7585개 구매 발주,partially_received,medium,PM-007,DEPT-003,2025-06-27,2025-07-15,2025-06-27T09:00:00,2026-06-01T09:00:00,
BE-PO-0106,PROJ-001,purchase_order,구매 발주 PO-00106,SUP-001 AP-CN-204 7852개 구매 발주,delayed,medium,PM-005,DEPT-003,2025-12-31,2026-02-06,2025-12-31T09:00:00,2026-06-01T09:00:00,
BE-PO-0107,PROJ-001,purchase_order,구매 발주 PO-00107,SUP-002 AP-TM-118 4862개 구매 발주,partially_received,medium,PM-007,DEPT-003,2026-02-01,2026-04-07,2026-02-01T09:00:00,2026-06-01T09:00:00,
BE-PO-0108,PROJ-001,purchase_order,구매 발주 PO-00108,SUP-003 AP-RL-450 5980개 구매 발주,open,medium,PM-005,DEPT-003,2025-07-31,2025-09-19,2025-07-31T09:00:00,2026-06-01T09:00:00,
BE-PO-0109,PROJ-001,purchase_order,구매 발주 PO-00109,SUP-005 AP-CB-510 1911개 구매 발주,delayed,medium,PM-006,DEPT-003,2026-02-03,2026-02-24,2026-02-03T09:00:00,2026-06-01T09:00:00,
BE-PO-0110,PROJ-001,purchase_order,구매 발주 PO-00110,SUP-003 AP-CB-510 3288개 구매 발주,open,medium,PM-006,DEPT-003,2025-09-28,2025-11-19,2025-09-28T09:00:00,2026-06-01T09:00:00,
BE-SHIP-0001,PROJ-001,shipment,출하 SHP-00001,CUS-002 AP-CN-204 1215개 출하,in_transit,medium,PM-011,DEPT-005,2025-07-12,2025-07-27,2025-07-12T09:00:00,2026-06-01T09:00:00,
BE-SHIP-0002,PROJ-001,shipment,출하 SHP-00002,CUS-002 AP-SC-330 1607개 출하,delayed,medium,PM-011,DEPT-005,2025-08-04,2025-08-10,2025-08-04T09:00:00,2026-06-01T09:00:00,
BE-SHIP-0003,PROJ-001,shipment,출하 SHP-00003,CUS-001 AP-CN-204 4703개 출하,delayed,medium,PM-011,DEPT-005,2025-06-06,2025-06-17,2025-06-06T09:00:00,2026-06-01T09:00:00,
BE-SHIP-0004,PROJ-001,shipment,출하 SHP-00004,CUS-005 AP-RL-450 2250개 출하,delivered,medium,PM-013,DEPT-005,2026-02-08,2026-02-26,2026-02-08T09:00:00,2026-06-01T09:00:00,
BE-SHIP-0005,PROJ-001,shipment,출하 SHP-00005,CUS-003 AP-TM-118 2185개 출하,customs_hold,medium,PM-013,DEPT-005,2026-03-14,2026-04-03,2026-03-14T09:00:00,2026-06-01T09:00:00,
BE-SHIP-0006,PROJ-001,shipment,출하 SHP-00006,CUS-001 AP-CN-204 2101개 출하,in_transit,medium,PM-012,DEPT-005,2025-10-14,2025-10-16,2025-10-14T09:00:00,2026-06-01T09:00:00,
BE-SHIP-0007,PROJ-001,shipment,출하 SHP-00007,CUS-001 AP-CN-204 768개 출하,delivered,medium,PM-013,DEPT-005,2025-07-20,2025-07-30,2025-07-20T09:00:00,2026-06-01T09:00:00,
BE-SHIP-0008,PROJ-001,shipment,출하 SHP-00008,CUS-001 AP-TM-118 2242개 출하,customs_hold,medium,PM-011,DEPT-005,2025-08-10,2025-08-26,2025-08-10T09:00:00,2026-06-01T09:00:00,
BE-SHIP-0009,PROJ-001,shipment,출하 SHP-00009,CUS-002 AP-CN-204 994개 출하,customs_hold,medium,PM-012,DEPT-005,2025-06-15,2025-06-26,2025-06-15T09:00:00,2026-06-01T09:00:00,
BE-SHIP-0010,PROJ-001,shipment,출하 SHP-00010,CUS-005 AP-CB-510 3406개 출하,delayed,medium,PM-012,DEPT-005,2026-02-11,2026-02-26,2026-02-11T09:00:00,2026-06-01T09:00:00,
BE-SHIP-0011,PROJ-001,shipment,출하 SHP-00011,CUS-003 AP-SC-330 4728개 출하,customs_hold,medium,PM-011,DEPT-005,2026-01-11,2026-01-20,2026-01-11T09:00:00,2026-06-01T09:00:00,
BE-SHIP-0012,PROJ-001,shipment,출하 SHP-00012,CUS-001 AP-TM-118 1865개 출하,in_transit,medium,PM-012,DEPT-005,2026-05-03,2026-05-12,2026-05-03T09:00:00,2026-06-01T09:00:00,
BE-SHIP-0013,PROJ-001,shipment,출하 SHP-00013,CUS-001 AP-RL-450 1458개 출하,delivered,medium,PM-012,DEPT-005,2026-05-10,2026-05-25,2026-05-10T09:00:00,2026-06-01T09:00:00,
BE-SHIP-0014,PROJ-001,shipment,출하 SHP-00014,CUS-003 AP-SC-330 3542개 출하,in_transit,medium,PM-012,DEPT-005,2026-03-01,2026-03-13,2026-03-01T09:00:00,2026-06-01T09:00:00,
BE-SHIP-0015,PROJ-001,shipment,출하 SHP-00015,CUS-002 AP-CN-204 1050개 출하,delivered,medium,PM-011,DEPT-005,2025-07-07,2025-07-17,2025-07-07T09:00:00,2026-06-01T09:00:00,
BE-SHIP-0016,PROJ-001,shipment,출하 SHP-00016,CUS-002 AP-CN-204 4039개 출하,delayed,medium,PM-013,DEPT-005,2025-08-18,2025-09-04,2025-08-18T09:00:00,2026-06-01T09:00:00,
BE-SHIP-0017,PROJ-001,shipment,출하 SHP-00017,CUS-003 AP-SC-330 3110개 출하,in_transit,medium,PM-012,DEPT-005,2025-09-07,2025-09-09,2025-09-07T09:00:00,2026-06-01T09:00:00,
BE-SHIP-0018,PROJ-001,shipment,출하 SHP-00018,CUS-001 AP-SC-330 2852개 출하,in_transit,medium,PM-011,DEPT-005,2025-12-23,2026-01-11,2025-12-23T09:00:00,2026-06-01T09:00:00,
BE-SHIP-0019,PROJ-001,shipment,출하 SHP-00019,CUS-001 AP-WH-220 3557개 출하,in_transit,medium,PM-012,DEPT-005,2025-10-07,2025-10-21,2025-10-07T09:00:00,2026-06-01T09:00:00,
BE-SHIP-0020,PROJ-001,shipment,출하 SHP-00020,CUS-002 AP-CN-204 4448개 출하,in_transit,medium,PM-012,DEPT-005,2026-04-24,2026-05-12,2026-04-24T09:00:00,2026-06-01T09:00:00,
BE-SHIP-0021,PROJ-001,shipment,출하 SHP-00021,CUS-003 AP-CB-510 1928개 출하,delivered,medium,PM-013,DEPT-005,2025-08-03,2025-08-07,2025-08-03T09:00:00,2026-06-01T09:00:00,
BE-SHIP-0022,PROJ-001,shipment,출하 SHP-00022,CUS-001 AP-CN-204 485개 출하,in_transit,medium,PM-013,DEPT-005,2025-10-03,2025-10-21,2025-10-03T09:00:00,2026-06-01T09:00:00,
BE-SHIP-0023,PROJ-001,shipment,출하 SHP-00023,CUS-003 AP-CB-510 3473개 출하,customs_hold,medium,PM-012,DEPT-005,2025-10-14,2025-10-27,2025-10-14T09:00:00,2026-06-01T09:00:00,
BE-SHIP-0024,PROJ-001,shipment,출하 SHP-00024,CUS-003 AP-SC-330 220개 출하,in_transit,medium,PM-012,DEPT-005,2025-06-18,2025-06-19,2025-06-18T09:00:00,2026-06-01T09:00:00,
BE-SHIP-0025,PROJ-001,shipment,출하 SHP-00025,CUS-003 AP-CB-510 3620개 출하,delayed,medium,PM-013,DEPT-005,2026-04-02,2026-04-15,2026-04-02T09:00:00,2026-06-01T09:00:00,
BE-SHIP-0026,PROJ-001,shipment,출하 SHP-00026,CUS-001 AP-CN-204 4500개 출하,delayed,medium,PM-013,DEPT-005,2026-02-19,2026-02-28,2026-02-19T09:00:00,2026-06-01T09:00:00,
BE-SHIP-0027,PROJ-001,shipment,출하 SHP-00027,CUS-001 AP-TM-118 4933개 출하,delivered,medium,PM-011,DEPT-005,2025-08-08,2025-08-19,2025-08-08T09:00:00,2026-06-01T09:00:00,
BE-SHIP-0028,PROJ-001,shipment,출하 SHP-00028,CUS-001 AP-TM-118 3609개 출하,in_transit,medium,PM-013,DEPT-005,2026-01-16,2026-01-18,2026-01-16T09:00:00,2026-06-01T09:00:00,
BE-SHIP-0029,PROJ-001,shipment,출하 SHP-00029,CUS-001 AP-TM-118 2692개 출하,delivered,medium,PM-012,DEPT-005,2025-11-04,2025-11-23,2025-11-04T09:00:00,2026-06-01T09:00:00,
BE-SHIP-0030,PROJ-001,shipment,출하 SHP-00030,CUS-004 AP-RL-450 2131개 출하,in_transit,medium,PM-013,DEPT-005,2026-04-30,2026-05-06,2026-04-30T09:00:00,2026-06-01T09:00:00,
BE-SHIP-0031,PROJ-001,shipment,출하 SHP-00031,CUS-005 AP-CB-510 1142개 출하,delayed,medium,PM-012,DEPT-005,2025-08-01,2025-08-17,2025-08-01T09:00:00,2026-06-01T09:00:00,
BE-SHIP-0032,PROJ-001,shipment,출하 SHP-00032,CUS-001 AP-CN-204 758개 출하,customs_hold,medium,PM-011,DEPT-005,2025-07-21,2025-07-23,2025-07-21T09:00:00,2026-06-01T09:00:00,
BE-SHIP-0033,PROJ-001,shipment,출하 SHP-00033,CUS-002 AP-CN-204 264개 출하,delivered,medium,PM-013,DEPT-005,2025-06-19,2025-07-02,2025-06-19T09:00:00,2026-06-01T09:00:00,
BE-SHIP-0034,PROJ-001,shipment,출하 SHP-00034,CUS-005 AP-RL-450 1897개 출하,customs_hold,medium,PM-013,DEPT-005,2026-02-13,2026-02-27,2026-02-13T09:00:00,2026-06-01T09:00:00,
BE-SHIP-0035,PROJ-001,shipment,출하 SHP-00035,CUS-003 AP-SC-330 4490개 출하,delayed,medium,PM-012,DEPT-005,2026-01-14,2026-01-28,2026-01-14T09:00:00,2026-06-01T09:00:00,
BE-SHIP-0036,PROJ-001,shipment,출하 SHP-00036,CUS-001 AP-TM-118 126개 출하,in_transit,medium,PM-011,DEPT-005,2026-03-14,2026-03-30,2026-03-14T09:00:00,2026-06-01T09:00:00,
BE-SHIP-0037,PROJ-001,shipment,출하 SHP-00037,CUS-001 AP-CN-204 4931개 출하,in_transit,medium,PM-012,DEPT-005,2025-08-07,2025-08-08,2025-08-07T09:00:00,2026-06-01T09:00:00,
BE-SHIP-0038,PROJ-001,shipment,출하 SHP-00038,CUS-001 AP-CN-204 1097개 출하,delayed,medium,PM-011,DEPT-005,2025-10-05,2025-10-06,2025-10-05T09:00:00,2026-06-01T09:00:00,
BE-SHIP-0039,PROJ-001,shipment,출하 SHP-00039,CUS-001 AP-WH-220 1963개 출하,delivered,medium,PM-012,DEPT-005,2025-12-25,2026-01-08,2025-12-25T09:00:00,2026-06-01T09:00:00,
BE-SHIP-0040,PROJ-001,shipment,출하 SHP-00040,CUS-005 AP-CB-510 4522개 출하,in_transit,medium,PM-012,DEPT-005,2025-07-01,2025-07-06,2025-07-01T09:00:00,2026-06-01T09:00:00,
BE-SHIP-0041,PROJ-001,shipment,출하 SHP-00041,CUS-003 AP-CN-204 1580개 출하,delayed,medium,PM-013,DEPT-005,2025-09-27,2025-10-05,2025-09-27T09:00:00,2026-06-01T09:00:00,
BE-SHIP-0042,PROJ-001,shipment,출하 SHP-00042,CUS-003 AP-CB-510 2619개 출하,delayed,medium,PM-011,DEPT-005,2026-03-27,2026-04-01,2026-03-27T09:00:00,2026-06-01T09:00:00,
BE-SHIP-0043,PROJ-001,shipment,출하 SHP-00043,CUS-002 AP-CN-204 883개 출하,in_transit,medium,PM-012,DEPT-005,2025-09-21,2025-09-22,2025-09-21T09:00:00,2026-06-01T09:00:00,
BE-SHIP-0044,PROJ-001,shipment,출하 SHP-00044,CUS-004 AP-TM-118 4022개 출하,delivered,medium,PM-012,DEPT-005,2025-10-13,2025-10-22,2025-10-13T09:00:00,2026-06-01T09:00:00,
BE-SHIP-0045,PROJ-001,shipment,출하 SHP-00045,CUS-003 AP-SC-330 4436개 출하,delivered,medium,PM-012,DEPT-005,2025-08-12,2025-08-30,2025-08-12T09:00:00,2026-06-01T09:00:00,
BE-SHIP-0046,PROJ-001,shipment,출하 SHP-00046,CUS-001 AP-TM-118 2507개 출하,delayed,medium,PM-012,DEPT-005,2025-12-19,2025-12-30,2025-12-19T09:00:00,2026-06-01T09:00:00,
BE-SHIP-0047,PROJ-001,shipment,출하 SHP-00047,CUS-003 AP-CB-510 956개 출하,in_transit,medium,PM-013,DEPT-005,2026-01-11,2026-01-12,2026-01-11T09:00:00,2026-06-01T09:00:00,
BE-SHIP-0048,PROJ-001,shipment,출하 SHP-00048,CUS-002 AP-CN-204 3803개 출하,delivered,medium,PM-013,DEPT-005,2026-01-30,2026-02-15,2026-01-30T09:00:00,2026-06-01T09:00:00,
BE-SHIP-0049,PROJ-001,shipment,출하 SHP-00049,CUS-005 AP-WH-220 1706개 출하,delayed,medium,PM-013,DEPT-005,2025-10-03,2025-10-21,2025-10-03T09:00:00,2026-06-01T09:00:00,
BE-SHIP-0050,PROJ-001,shipment,출하 SHP-00050,CUS-003 AP-SC-330 1446개 출하,in_transit,medium,PM-013,DEPT-005,2026-02-21,2026-02-22,2026-02-21T09:00:00,2026-06-01T09:00:00,
BE-SHIP-0051,PROJ-001,shipment,출하 SHP-00051,CUS-001 AP-TM-118 1582개 출하,customs_hold,medium,PM-013,DEPT-005,2026-01-26,2026-02-12,2026-01-26T09:00:00,2026-06-01T09:00:00,
BE-SHIP-0052,PROJ-001,shipment,출하 SHP-00052,CUS-003 AP-SC-330 992개 출하,delayed,medium,PM-012,DEPT-005,2025-09-05,2025-09-07,2025-09-05T09:00:00,2026-06-01T09:00:00,
BE-SHIP-0053,PROJ-001,shipment,출하 SHP-00053,CUS-005 AP-CB-510 3637개 출하,delivered,medium,PM-013,DEPT-005,2026-01-29,2026-01-31,2026-01-29T09:00:00,2026-06-01T09:00:00,
BE-SHIP-0054,PROJ-001,shipment,출하 SHP-00054,CUS-003 AP-CB-510 3063개 출하,delivered,medium,PM-011,DEPT-005,2025-08-08,2025-08-16,2025-08-08T09:00:00,2026-06-01T09:00:00,
BE-SHIP-0055,PROJ-001,shipment,출하 SHP-00055,CUS-003 AP-SC-330 3393개 출하,in_transit,medium,PM-013,DEPT-005,2025-06-13,2025-06-20,2025-06-13T09:00:00,2026-06-01T09:00:00,
BE-SHIP-0056,PROJ-001,shipment,출하 SHP-00056,CUS-004 AP-RL-450 1875개 출하,delayed,medium,PM-012,DEPT-005,2025-09-09,2025-09-11,2025-09-09T09:00:00,2026-06-01T09:00:00,
BE-SHIP-0057,PROJ-001,shipment,출하 SHP-00057,CUS-005 AP-CB-510 4330개 출하,customs_hold,medium,PM-013,DEPT-005,2026-04-06,2026-04-21,2026-04-06T09:00:00,2026-06-01T09:00:00,
BE-SHIP-0058,PROJ-001,shipment,출하 SHP-00058,CUS-002 AP-CB-510 2074개 출하,customs_hold,medium,PM-013,DEPT-005,2025-10-12,2025-10-30,2025-10-12T09:00:00,2026-06-01T09:00:00,
BE-SHIP-0059,PROJ-001,shipment,출하 SHP-00059,CUS-003 AP-TM-118 3252개 출하,customs_hold,medium,PM-012,DEPT-005,2025-10-18,2025-11-07,2025-10-18T09:00:00,2026-06-01T09:00:00,
BE-SHIP-0060,PROJ-001,shipment,출하 SHP-00060,CUS-003 AP-SC-330 1918개 출하,in_transit,medium,PM-012,DEPT-005,2026-01-17,2026-01-19,2026-01-17T09:00:00,2026-06-01T09:00:00,
BE-SHIP-0061,PROJ-001,shipment,출하 SHP-00061,CUS-001 AP-CN-204 4063개 출하,delivered,medium,PM-013,DEPT-005,2026-04-17,2026-04-19,2026-04-17T09:00:00,2026-06-01T09:00:00,
BE-SHIP-0062,PROJ-001,shipment,출하 SHP-00062,CUS-003 AP-SC-330 4468개 출하,delayed,medium,PM-013,DEPT-005,2025-06-24,2025-07-09,2025-06-24T09:00:00,2026-06-01T09:00:00,
BE-SHIP-0063,PROJ-001,shipment,출하 SHP-00063,CUS-005 AP-CB-510 3892개 출하,customs_hold,medium,PM-013,DEPT-005,2026-04-21,2026-05-04,2026-04-21T09:00:00,2026-06-01T09:00:00,
BE-SHIP-0064,PROJ-001,shipment,출하 SHP-00064,CUS-003 AP-SC-330 2706개 출하,in_transit,medium,PM-013,DEPT-005,2025-12-30,2026-01-12,2025-12-30T09:00:00,2026-06-01T09:00:00,
BE-SHIP-0065,PROJ-001,shipment,출하 SHP-00065,CUS-001 AP-TM-118 1366개 출하,customs_hold,medium,PM-011,DEPT-005,2026-01-01,2026-01-07,2026-01-01T09:00:00,2026-06-01T09:00:00,
BE-SHIP-0066,PROJ-001,shipment,출하 SHP-00066,CUS-003 AP-SC-330 2145개 출하,customs_hold,medium,PM-011,DEPT-005,2025-12-13,2025-12-29,2025-12-13T09:00:00,2026-06-01T09:00:00,
BE-SHIP-0067,PROJ-001,shipment,출하 SHP-00067,CUS-005 AP-CB-510 553개 출하,in_transit,medium,PM-013,DEPT-005,2026-03-02,2026-03-18,2026-03-02T09:00:00,2026-06-01T09:00:00,
BE-SHIP-0068,PROJ-001,shipment,출하 SHP-00068,CUS-003 AP-SC-330 498개 출하,in_transit,medium,PM-012,DEPT-005,2025-10-07,2025-10-25,2025-10-07T09:00:00,2026-06-01T09:00:00,
BE-SHIP-0069,PROJ-001,shipment,출하 SHP-00069,CUS-001 AP-RL-450 997개 출하,customs_hold,medium,PM-013,DEPT-005,2026-05-28,2026-06-01,2026-05-28T09:00:00,2026-06-01T09:00:00,
BE-SHIP-0070,PROJ-001,shipment,출하 SHP-00070,CUS-005 AP-CB-510 3518개 출하,delayed,medium,PM-012,DEPT-005,2025-06-14,2025-06-16,2025-06-14T09:00:00,2026-06-01T09:00:00,
BE-SHIP-0071,PROJ-001,shipment,출하 SHP-00071,CUS-001 AP-RL-450 3885개 출하,in_transit,medium,PM-011,DEPT-005,2025-07-04,2025-07-14,2025-07-04T09:00:00,2026-06-01T09:00:00,
BE-SHIP-0072,PROJ-001,shipment,출하 SHP-00072,CUS-004 AP-RL-450 3678개 출하,customs_hold,medium,PM-011,DEPT-005,2026-04-27,2026-05-11,2026-04-27T09:00:00,2026-06-01T09:00:00,
BE-SHIP-0073,PROJ-001,shipment,출하 SHP-00073,CUS-001 AP-TM-118 2119개 출하,customs_hold,medium,PM-013,DEPT-005,2026-05-25,2026-05-29,2026-05-25T09:00:00,2026-06-01T09:00:00,
BE-SHIP-0074,PROJ-001,shipment,출하 SHP-00074,CUS-004 AP-RL-450 2452개 출하,delivered,medium,PM-013,DEPT-005,2026-05-18,2026-05-27,2026-05-18T09:00:00,2026-06-01T09:00:00,
BE-SHIP-0075,PROJ-001,shipment,출하 SHP-00075,CUS-002 AP-TM-118 1728개 출하,in_transit,medium,PM-013,DEPT-005,2026-01-17,2026-01-18,2026-01-17T09:00:00,2026-06-01T09:00:00,
BE-SHIP-0076,PROJ-001,shipment,출하 SHP-00076,CUS-003 AP-CB-510 3433개 출하,customs_hold,medium,PM-011,DEPT-005,2026-04-29,2026-05-19,2026-04-29T09:00:00,2026-06-01T09:00:00,
BE-SHIP-0077,PROJ-001,shipment,출하 SHP-00077,CUS-002 AP-CN-204 111개 출하,customs_hold,medium,PM-013,DEPT-005,2026-05-27,2026-06-01,2026-05-27T09:00:00,2026-06-01T09:00:00,
BE-SHIP-0078,PROJ-001,shipment,출하 SHP-00078,CUS-001 AP-CN-204 1111개 출하,in_transit,medium,PM-011,DEPT-005,2025-10-18,2025-10-29,2025-10-18T09:00:00,2026-06-01T09:00:00,
BE-SHIP-0079,PROJ-001,shipment,출하 SHP-00079,CUS-004 AP-CN-204 1496개 출하,delivered,medium,PM-011,DEPT-005,2025-12-02,2025-12-08,2025-12-02T09:00:00,2026-06-01T09:00:00,
BE-SHIP-0080,PROJ-001,shipment,출하 SHP-00080,CUS-005 AP-CB-510 3978개 출하,delayed,medium,PM-012,DEPT-005,2026-05-05,2026-05-25,2026-05-05T09:00:00,2026-06-01T09:00:00,
BE-SHIP-0081,PROJ-001,shipment,출하 SHP-00081,CUS-005 AP-CB-510 713개 출하,delivered,medium,PM-011,DEPT-005,2026-01-05,2026-01-25,2026-01-05T09:00:00,2026-06-01T09:00:00,
BE-SHIP-0082,PROJ-001,shipment,출하 SHP-00082,CUS-001 AP-CN-204 709개 출하,in_transit,medium,PM-013,DEPT-005,2026-04-09,2026-04-27,2026-04-09T09:00:00,2026-06-01T09:00:00,
BE-SHIP-0083,PROJ-001,shipment,출하 SHP-00083,CUS-002 AP-CN-204 188개 출하,customs_hold,medium,PM-013,DEPT-005,2026-03-26,2026-04-08,2026-03-26T09:00:00,2026-06-01T09:00:00,
BE-SHIP-0084,PROJ-001,shipment,출하 SHP-00084,CUS-003 AP-SC-330 3632개 출하,customs_hold,medium,PM-012,DEPT-005,2025-06-04,2025-06-12,2025-06-04T09:00:00,2026-06-01T09:00:00,
BE-SHIP-0085,PROJ-001,shipment,출하 SHP-00085,CUS-003 AP-SC-330 3405개 출하,delayed,medium,PM-013,DEPT-005,2026-05-20,2026-06-01,2026-05-20T09:00:00,2026-06-01T09:00:00,
BE-SHIP-0086,PROJ-001,shipment,출하 SHP-00086,CUS-005 AP-CB-510 4811개 출하,delayed,medium,PM-011,DEPT-005,2026-05-18,2026-05-27,2026-05-18T09:00:00,2026-06-01T09:00:00,
BE-SHIP-0087,PROJ-001,shipment,출하 SHP-00087,CUS-004 AP-RL-450 4183개 출하,customs_hold,medium,PM-012,DEPT-005,2026-05-09,2026-05-13,2026-05-09T09:00:00,2026-06-01T09:00:00,
BE-SHIP-0088,PROJ-001,shipment,출하 SHP-00088,CUS-001 AP-TM-118 3468개 출하,in_transit,medium,PM-012,DEPT-005,2025-12-29,2026-01-16,2025-12-29T09:00:00,2026-06-01T09:00:00,
BE-SHIP-0089,PROJ-001,shipment,출하 SHP-00089,CUS-002 AP-CB-510 1666개 출하,delayed,medium,PM-012,DEPT-005,2025-10-21,2025-10-26,2025-10-21T09:00:00,2026-06-01T09:00:00,
BE-SHIP-0090,PROJ-001,shipment,출하 SHP-00090,CUS-002 AP-CN-204 3458개 출하,in_transit,medium,PM-012,DEPT-005,2025-09-23,2025-09-26,2025-09-23T09:00:00,2026-06-01T09:00:00,
BE-SHIP-0091,PROJ-001,shipment,출하 SHP-00091,CUS-002 AP-CN-204 703개 출하,in_transit,medium,PM-011,DEPT-005,2025-10-04,2025-10-07,2025-10-04T09:00:00,2026-06-01T09:00:00,
BE-SHIP-0092,PROJ-001,shipment,출하 SHP-00092,CUS-001 AP-TM-118 4855개 출하,delayed,medium,PM-011,DEPT-005,2025-10-12,2025-10-16,2025-10-12T09:00:00,2026-06-01T09:00:00,
BE-SHIP-0093,PROJ-001,shipment,출하 SHP-00093,CUS-005 AP-CB-510 4334개 출하,customs_hold,medium,PM-011,DEPT-005,2025-11-21,2025-12-01,2025-11-21T09:00:00,2026-06-01T09:00:00,
BE-SHIP-0094,PROJ-001,shipment,출하 SHP-00094,CUS-001 AP-WH-220 4415개 출하,in_transit,medium,PM-012,DEPT-005,2025-06-16,2025-07-02,2025-06-16T09:00:00,2026-06-01T09:00:00,
BE-SHIP-0095,PROJ-001,shipment,출하 SHP-00095,CUS-001 AP-WH-220 3684개 출하,delayed,medium,PM-013,DEPT-005,2026-03-28,2026-04-13,2026-03-28T09:00:00,2026-06-01T09:00:00,
BE-SHIP-0096,PROJ-001,shipment,출하 SHP-00096,CUS-005 AP-CB-510 3811개 출하,in_transit,medium,PM-011,DEPT-005,2025-07-28,2025-08-02,2025-07-28T09:00:00,2026-06-01T09:00:00,
BE-SHIP-0097,PROJ-001,shipment,출하 SHP-00097,CUS-004 AP-WH-220 2241개 출하,customs_hold,medium,PM-012,DEPT-005,2025-07-06,2025-07-08,2025-07-06T09:00:00,2026-06-01T09:00:00,
BE-SHIP-0098,PROJ-001,shipment,출하 SHP-00098,CUS-005 AP-CB-510 4546개 출하,delayed,medium,PM-013,DEPT-005,2026-03-25,2026-04-09,2026-03-25T09:00:00,2026-06-01T09:00:00,
BE-SHIP-0099,PROJ-001,shipment,출하 SHP-00099,CUS-001 AP-SC-330 3160개 출하,delayed,medium,PM-012,DEPT-005,2025-10-31,2025-11-06,2025-10-31T09:00:00,2026-06-01T09:00:00,
BE-SHIP-0100,PROJ-001,shipment,출하 SHP-00100,CUS-003 AP-TM-118 1979개 출하,customs_hold,medium,PM-011,DEPT-005,2025-07-25,2025-08-09,2025-07-25T09:00:00,2026-06-01T09:00:00,
BE-SHIP-0101,PROJ-001,shipment,출하 SHP-00101,CUS-003 AP-CB-510 3064개 출하,in_transit,medium,PM-012,DEPT-005,2025-06-27,2025-07-09,2025-06-27T09:00:00,2026-06-01T09:00:00,
BE-SHIP-0102,PROJ-001,shipment,출하 SHP-00102,CUS-002 AP-CN-204 689개 출하,customs_hold,medium,PM-012,DEPT-005,2026-04-25,2026-04-26,2026-04-25T09:00:00,2026-06-01T09:00:00,
BE-SHIP-0103,PROJ-001,shipment,출하 SHP-00103,CUS-002 AP-CN-204 4134개 출하,delivered,medium,PM-012,DEPT-005,2025-11-18,2025-12-01,2025-11-18T09:00:00,2026-06-01T09:00:00,
BE-SHIP-0104,PROJ-001,shipment,출하 SHP-00104,CUS-004 AP-CB-510 2226개 출하,customs_hold,medium,PM-012,DEPT-005,2026-01-30,2026-02-11,2026-01-30T09:00:00,2026-06-01T09:00:00,
BE-SHIP-0105,PROJ-001,shipment,출하 SHP-00105,CUS-002 AP-CN-204 3724개 출하,in_transit,medium,PM-012,DEPT-005,2025-08-24,2025-08-25,2025-08-24T09:00:00,2026-06-01T09:00:00,
BE-SHIP-0106,PROJ-001,shipment,출하 SHP-00106,CUS-002 AP-CN-204 3750개 출하,delayed,medium,PM-013,DEPT-005,2025-10-16,2025-10-21,2025-10-16T09:00:00,2026-06-01T09:00:00,
BE-SHIP-0107,PROJ-001,shipment,출하 SHP-00107,CUS-004 AP-RL-450 479개 출하,in_transit,medium,PM-012,DEPT-005,2025-06-25,2025-06-27,2025-06-25T09:00:00,2026-06-01T09:00:00,
BE-SHIP-0108,PROJ-001,shipment,출하 SHP-00108,CUS-002 AP-RL-450 3521개 출하,delivered,medium,PM-013,DEPT-005,2026-02-03,2026-02-16,2026-02-03T09:00:00,2026-06-01T09:00:00,
BE-SHIP-0109,PROJ-001,shipment,출하 SHP-00109,CUS-001 AP-TM-118 4058개 출하,customs_hold,medium,PM-011,DEPT-005,2025-07-09,2025-07-17,2025-07-09T09:00:00,2026-06-01T09:00:00,
BE-SHIP-0110,PROJ-001,shipment,출하 SHP-00110,CUS-002 AP-CN-204 1695개 출하,customs_hold,medium,PM-013,DEPT-005,2025-10-17,2025-10-27,2025-10-17T09:00:00,2026-06-01T09:00:00,
BE-SHIP-0111,PROJ-001,shipment,출하 SHP-00111,CUS-004 AP-CB-510 2000개 출하,issue_reported,medium,PM-011,DEPT-005,2026-05-12,2026-05-15,2026-05-12T09:00:00,2026-06-01T09:00:00,
BE-CLAIM-0001,PROJ-001,quality_claim,품질 클레임 CLM-00001,CUS-003 AP-SC-330 외관 손상 27개,corrective_action,medium,PM-009,DEPT-004,2025-09-18,2025-09-18,2025-09-18T09:00:00,2026-06-01T09:00:00,
BE-CLAIM-0002,PROJ-001,quality_claim,품질 클레임 CLM-00002,CUS-003 AP-SC-330 접촉 불량 178개,closed,medium,PM-010,DEPT-004,2025-07-03,2025-07-03,2025-07-03T09:00:00,2026-06-01T09:00:00,
BE-CLAIM-0003,PROJ-001,quality_claim,품질 클레임 CLM-00003,CUS-003 AP-SC-330 외관 손상 179개,received,high,PM-010,DEPT-004,2025-11-29,2025-11-29,2025-11-29T09:00:00,2026-06-01T09:00:00,
BE-CLAIM-0004,PROJ-001,quality_claim,품질 클레임 CLM-00004,CUS-003 AP-SC-330 핀 배열 불일치 6개,closed,high,PM-009,DEPT-004,2026-05-19,2026-05-19,2026-05-19T09:00:00,2026-06-01T09:00:00,
BE-CLAIM-0005,PROJ-001,quality_claim,품질 클레임 CLM-00005,CUS-003 AP-SC-330 외관 손상 119개,closed,low,PM-008,DEPT-004,2025-06-16,2025-06-16,2025-06-16T09:00:00,2026-06-01T09:00:00,
BE-CLAIM-0006,PROJ-001,quality_claim,품질 클레임 CLM-00006,CUS-003 AP-CB-510 작동 불량 176개,received,low,PM-009,DEPT-004,2025-06-17,2025-06-17,2025-06-17T09:00:00,2026-06-01T09:00:00,
BE-CLAIM-0007,PROJ-001,quality_claim,품질 클레임 CLM-00007,CUS-003 AP-SC-330 접촉 불량 15개,corrective_action,low,PM-008,DEPT-004,2026-02-01,2026-02-01,2026-02-01T09:00:00,2026-06-01T09:00:00,
BE-CLAIM-0008,PROJ-001,quality_claim,품질 클레임 CLM-00008,CUS-003 AP-SC-330 접촉 불량 135개,received,high,PM-008,DEPT-004,2026-02-22,2026-02-22,2026-02-22T09:00:00,2026-06-01T09:00:00,
BE-CLAIM-0009,PROJ-001,quality_claim,품질 클레임 CLM-00009,CUS-003 AP-SC-330 외관 손상 147개,under_analysis,high,PM-009,DEPT-004,2026-04-12,2026-04-12,2026-04-12T09:00:00,2026-06-01T09:00:00,
BE-CLAIM-0010,PROJ-001,quality_claim,품질 클레임 CLM-00010,CUS-003 AP-SC-330 작동 불량 128개,corrective_action,medium,PM-009,DEPT-004,2025-11-18,2025-11-18,2025-11-18T09:00:00,2026-06-01T09:00:00,
BE-CLAIM-0011,PROJ-001,quality_claim,품질 클레임 CLM-00011,CUS-003 AP-SC-330 외관 손상 113개,closed,low,PM-008,DEPT-004,2025-09-23,2025-09-23,2025-09-23T09:00:00,2026-06-01T09:00:00,
BE-CLAIM-0012,PROJ-001,quality_claim,품질 클레임 CLM-00012,CUS-003 AP-SC-330 외관 손상 42개,closed,high,PM-010,DEPT-004,2026-05-20,2026-05-20,2026-05-20T09:00:00,2026-06-01T09:00:00,
BE-CLAIM-0013,PROJ-001,quality_claim,품질 클레임 CLM-00013,CUS-003 AP-SC-330 작동 불량 9개,closed,high,PM-010,DEPT-004,2025-12-27,2025-12-27,2025-12-27T09:00:00,2026-06-01T09:00:00,
BE-CLAIM-0014,PROJ-001,quality_claim,품질 클레임 CLM-00014,CUS-003 AP-SC-330 외관 손상 92개,under_analysis,high,PM-010,DEPT-004,2026-03-13,2026-03-13,2026-03-13T09:00:00,2026-06-01T09:00:00,
BE-CLAIM-0015,PROJ-001,quality_claim,품질 클레임 CLM-00015,CUS-001 AP-CN-204 작동 불량 77개,received,medium,PM-008,DEPT-004,2026-05-07,2026-05-07,2026-05-07T09:00:00,2026-06-01T09:00:00,
BE-CLAIM-0016,PROJ-001,quality_claim,품질 클레임 CLM-00016,CUS-003 AP-SC-330 작동 불량 81개,received,medium,PM-008,DEPT-004,2026-01-14,2026-01-14,2026-01-14T09:00:00,2026-06-01T09:00:00,
BE-CLAIM-0017,PROJ-001,quality_claim,품질 클레임 CLM-00017,CUS-003 AP-SC-330 접촉 불량 70개,corrective_action,low,PM-009,DEPT-004,2026-03-15,2026-03-15,2026-03-15T09:00:00,2026-06-01T09:00:00,
BE-CLAIM-0018,PROJ-001,quality_claim,품질 클레임 CLM-00018,CUS-003 AP-SC-330 외관 손상 63개,under_analysis,low,PM-009,DEPT-004,2026-04-15,2026-04-15,2026-04-15T09:00:00,2026-06-01T09:00:00,
BE-CLAIM-0019,PROJ-001,quality_claim,품질 클레임 CLM-00019,CUS-001 AP-WH-220 외관 손상 103개,under_analysis,high,PM-008,DEPT-004,2025-12-01,2025-12-01,2025-12-01T09:00:00,2026-06-01T09:00:00,
BE-CLAIM-0020,PROJ-001,quality_claim,품질 클레임 CLM-00020,CUS-003 AP-SC-330 라벨 오류 167개,received,high,PM-009,DEPT-004,2026-05-28,2026-05-28,2026-05-28T09:00:00,2026-06-01T09:00:00,
BE-CLAIM-0021,PROJ-001,quality_claim,품질 클레임 CLM-00021,CUS-003 AP-SC-330 라벨 오류 49개,under_analysis,medium,PM-010,DEPT-004,2026-02-10,2026-02-10,2026-02-10T09:00:00,2026-06-01T09:00:00,
BE-CLAIM-0022,PROJ-001,quality_claim,품질 클레임 CLM-00022,CUS-003 AP-SC-330 핀 배열 불일치 81개,corrective_action,high,PM-010,DEPT-004,2025-06-30,2025-06-30,2025-06-30T09:00:00,2026-06-01T09:00:00,
BE-CLAIM-0023,PROJ-001,quality_claim,품질 클레임 CLM-00023,CUS-003 AP-CB-510 핀 배열 불일치 63개,closed,low,PM-008,DEPT-004,2026-05-06,2026-05-06,2026-05-06T09:00:00,2026-06-01T09:00:00,
BE-CLAIM-0024,PROJ-001,quality_claim,품질 클레임 CLM-00024,CUS-003 AP-CB-510 라벨 오류 63개,received,high,PM-010,DEPT-004,2026-01-07,2026-01-07,2026-01-07T09:00:00,2026-06-01T09:00:00,
BE-CLAIM-0025,PROJ-001,quality_claim,품질 클레임 CLM-00025,CUS-003 AP-SC-330 외관 손상 77개,closed,high,PM-009,DEPT-004,2025-09-12,2025-09-12,2025-09-12T09:00:00,2026-06-01T09:00:00,
BE-CLAIM-0026,PROJ-001,quality_claim,품질 클레임 CLM-00026,CUS-003 AP-SC-330 외관 손상 163개,closed,medium,PM-010,DEPT-004,2025-12-05,2025-12-05,2025-12-05T09:00:00,2026-06-01T09:00:00,
BE-CLAIM-0027,PROJ-001,quality_claim,품질 클레임 CLM-00027,CUS-003 AP-CB-510 접촉 불량 139개,under_analysis,low,PM-008,DEPT-004,2026-05-01,2026-05-01,2026-05-01T09:00:00,2026-06-01T09:00:00,
BE-CLAIM-0028,PROJ-001,quality_claim,품질 클레임 CLM-00028,CUS-003 AP-SC-330 핀 배열 불일치 129개,closed,medium,PM-009,DEPT-004,2026-03-30,2026-03-30,2026-03-30T09:00:00,2026-06-01T09:00:00,
BE-CLAIM-0029,PROJ-001,quality_claim,품질 클레임 CLM-00029,CUS-003 AP-CB-510 라벨 오류 144개,corrective_action,medium,PM-008,DEPT-004,2025-08-04,2025-08-04,2025-08-04T09:00:00,2026-06-01T09:00:00,
BE-CLAIM-0030,PROJ-001,quality_claim,품질 클레임 CLM-00030,CUS-001 AP-WH-220 핀 배열 불일치 12개,closed,high,PM-009,DEPT-004,2025-09-07,2025-09-07,2025-09-07T09:00:00,2026-06-01T09:00:00,
BE-CLAIM-0031,PROJ-001,quality_claim,품질 클레임 CLM-00031,CUS-004 AP-CB-510 quantity_mismatch 150개,in_progress,medium,PM-008,DEPT-004,2026-05-16,2026-05-16,2026-05-16T09:00:00,2026-06-01T09:00:00,
BE-NOTICE-0001,PROJ-001,supplier_notice,KET Supplier 재고 부족으로 납기 지연 가능,KET Supplier의 AP-WH-220 재고 부족으로 Hyundai Mobis Tier2 납기 지연 위험이 발생함,closed,high,PM-005,DEPT-003,2025-08-05,2025-08-29,2025-08-05T09:00:00,2026-06-01T09:00:00,
BE-NOTICE-0002,PROJ-001,supplier_notice,Yazaki Parts Asia 리드타임 8주에서 12주 증가,Yazaki Parts Asia가 AP-RL-450 리드타임을 8주에서 12주로 변경 공지함,closed,medium,PM-005,DEPT-003,2025-12-02,2026-01-10,2025-12-02T09:00:00,2026-06-01T09:00:00,
BE-NOTICE-0003,PROJ-001,supplier_notice,TE Connectivity Korea 단가 7% 인상 통보,TE Connectivity Korea가 주요 커넥터 단가 7% 인상을 통보하여 고객 단가 협상이 필요함,open,medium,PM-005,DEPT-003,2026-04-03,2026-05-02,2026-04-03T09:00:00,2026-06-01T09:00:00,
BE-NOTICE-0004,PROJ-001,supplier_notice,KET Supplier 월말 입고 분할,KET Supplier 월말 입고가 두 차례로 분할됨,closed,medium,PM-005,DEPT-003,2025-12-20,2026-01-08,2025-12-20T09:00:00,2026-06-01T09:00:00,
BE-NOTICE-0005,PROJ-001,supplier_notice,분기 공급사 평가 자료 취합,"분기 공급사 납기, 품질, 단가 변동 데이터를 취합함",closed,low,PM-005,DEPT-003,2026-04-18,2026-04-30,2026-04-18T09:00:00,2026-06-01T09:00:00,
BE-APPROVAL-0001,PROJ-001,approval_request,승인 요청: Hyundai Mobis Tier2 긴급 항공 이송,Hyundai Mobis Tier2 납기 대응을 위해 AP-TM-118 일부 수량을 항공 긴급 이송함,closed,high,PM-002,DEPT-001,2026-02-06,2026-02-19,2026-02-06T09:00:00,2026-06-01T09:00:00,
BE-APPROVAL-0002,PROJ-001,approval_request,승인 요청: TE Connectivity Korea 단가 7% 인상 통보,TE Connectivity Korea가 주요 커넥터 단가 7% 인상을 통보하여 고객 단가 협상이 필요함,open,medium,PM-002,DEPT-001,2026-04-03,2026-05-02,2026-04-03T09:00:00,2026-06-01T09:00:00,
BE-APPROVAL-0003,PROJ-001,approval_request,승인 요청: 박서연 담당 고객 인수인계 준비,박서연 담당 Hyundai Mobis Tier2와 Daesung Automotive 업무 일부를 이민재에게 인수인계해야 함,open,high,PM-002,DEPT-001,2026-05-12,2026-06-01,2026-05-12T09:00:00,2026-06-01T09:00:00,
BE-APPROVAL-0004,PROJ-001,approval_request,승인 요청: Local Cable Works 대체품 승인 검토,센서 케이블 대체 출하 가능성을 검토함,closed,medium,PM-002,DEPT-001,2025-10-11,2025-10-25,2025-10-11T09:00:00,2026-06-01T09:00:00,
