id,project_id,title,file_path,doc_type,created_date,author,related_team,related_issue_id,content_preview,created_at,updated_at
DOC-0001,PROJ-001,주간 운영 회의록 - DOC-0001,02_raw_documents/meeting_notes/DOC-0001_meeting_notes_2025-06-25.md,주간 운영 회의록,2025-06-25,김도윤,운영총괄팀,ISS-2025-006,문서ID: DOC-0001 작성일: 2025-06-25 문서유형: 주간 운영 회의록 작성자: 김도윤 관련팀: 운영총괄팀 고객사: Daesung Automotive 구매처: TE Connectivity Korea 품목: AP-CN-204 커넥터 관련이슈: ISS-2025-006 / Daesung Automotive 긴급 발주 대응 Daesung Automotive 관련 AP-CN-204 커넥터 업무 건으로 2025년 06월 25,2025-06-25T09:00:00,2026-06-01T09:00:00
DOC-0002,PROJ-001,고객 불만 메일 - DOC-0002,02_raw_documents/sales_emails/DOC-0002_sales_emails_2025-06-03.md,고객 불만 메일,2025-06-03,정하늘,영업관리팀,,"문서ID: DOC-0002 작성일: 2025-06-03 문서유형: 고객 불만 메일 작성자: 정하늘 관련팀: 영업관리팀 고객사: Mirae EV Systems 구매처: KET Supplier 품목: AP-RL-450 릴레이 관련이슈: 일반 운영 / 정기 운영 확인 Mirae EV Systems 관련 AP-RL-450 릴레이 업무 건으로 2025년 06월 03일 기준 진행 상황을 정리합니다. 현재 확인된 수량은 400개이며, 요청",2025-06-03T09:00:00,2026-06-01T09:00:00
DOC-0003,PROJ-001,고객 발주 메일 - DOC-0003,02_raw_documents/sales_emails/DOC-0003_sales_emails_2025-06-15.md,고객 발주 메일,2025-06-15,박서연,영업관리팀,ISS-2025-006,문서ID: DOC-0003 작성일: 2025-06-15 문서유형: 고객 발주 메일 작성자: 박서연 관련팀: 영업관리팀 고객사: Daesung Automotive 구매처: TE Connectivity Korea 품목: AP-CN-204 커넥터 관련이슈: ISS-2025-006 / Daesung Automotive 긴급 발주 대응 Daesung Automotive 관련 AP-CN-204 커넥터 업무 건으로 2025년 06월 15일,2025-06-15T09:00:00,2026-06-01T09:00:00
DOC-0004,PROJ-001,리드타임 변경 공지 - DOC-0004,02_raw_documents/purchase_emails/DOC-0004_purchase_emails_2025-06-25.md,리드타임 변경 공지,2025-06-25,강민호,구매팀,ISS-2025-006,문서ID: DOC-0004 작성일: 2025-06-25 문서유형: 리드타임 변경 공지 작성자: 강민호 관련팀: 구매팀 고객사: Daesung Automotive 구매처: TE Connectivity Korea 품목: AP-CN-204 커넥터 관련이슈: ISS-2025-006 / Daesung Automotive 긴급 발주 대응 Daesung Automotive 관련 AP-CN-204 커넥터 업무 건으로 2025년 06월 25일,2025-06-25T09:00:00,2026-06-01T09:00:00
DOC-0005,PROJ-001,구매처 재고 부족 안내 - DOC-0005,02_raw_documents/purchase_emails/DOC-0005_purchase_emails_2025-06-15.md,구매처 재고 부족 안내,2025-06-15,강민호,구매팀,ISS-2025-006,문서ID: DOC-0005 작성일: 2025-06-15 문서유형: 구매처 재고 부족 안내 작성자: 강민호 관련팀: 구매팀 고객사: Daesung Automotive 구매처: TE Connectivity Korea 품목: AP-CN-204 커넥터 관련이슈: ISS-2025-006 / Daesung Automotive 긴급 발주 대응 Daesung Automotive 관련 AP-CN-204 커넥터 업무 건으로 2025년 06월 1,2025-06-15T09:00:00,2026-06-01T09:00:00
DOC-0006,PROJ-001,출고 로그 - DOC-0006,02_raw_documents/logistics_logs/DOC-0006_logistics_logs_2025-06-21.md,출고 로그,2025-06-21,문태준,물류팀,ISS-2025-006,문서ID: DOC-0006 작성일: 2025-06-21 문서유형: 출고 로그 작성자: 문태준 관련팀: 물류팀 고객사: Daesung Automotive 구매처: TE Connectivity Korea 품목: AP-CN-204 커넥터 관련이슈: ISS-2025-006 / Daesung Automotive 긴급 발주 대응 Daesung Automotive 관련 AP-CN-204 커넥터 업무 건으로 2025년 06월 21일 기준 진,2025-06-21T09:00:00,2026-06-01T09:00:00
DOC-0007,PROJ-001,불량 원인 분석 메모 - DOC-0007,02_raw_documents/quality_claims/DOC-0007_quality_claims_2025-06-07.md,불량 원인 분석 메모,2025-06-07,한지우,품질 클레임팀,ISS-2025-006,문서ID: DOC-0007 작성일: 2025-06-07 문서유형: 불량 원인 분석 메모 작성자: 한지우 관련팀: 품질 클레임팀 고객사: Daesung Automotive 구매처: TE Connectivity Korea 품목: AP-CN-204 커넥터 관련이슈: ISS-2025-006 / Daesung Automotive 긴급 발주 대응 Daesung Automotive 관련 AP-CN-204 커넥터 업무 건으로 2025년 06,2025-06-07T09:00:00,2026-06-01T09:00:00
DOC-0008,PROJ-001,인수인계 준비 회의록 - DOC-0008,02_raw_documents/meeting_notes/DOC-0008_meeting_notes_2025-06-03.md,인수인계 준비 회의록,2025-06-03,김도윤,운영총괄팀,,문서ID: DOC-0008 작성일: 2025-06-03 문서유형: 인수인계 준비 회의록 작성자: 김도윤 관련팀: 운영총괄팀 고객사: Global Harness Vietnam 구매처: Local Cable Works 품목: AP-WH-220 와이어하네스 관련이슈: 일반 운영 / 정기 운영 확인 Global Harness Vietnam 관련 AP-WH-220 와이어하네스 업무 건으로 2025년 06월 03일 기준 진행 상황을 정리,2025-06-03T09:00:00,2026-06-01T09:00:00
DOC-0009,PROJ-001,출고 로그 - DOC-0009,02_raw_documents/logistics_logs/DOC-0009_logistics_logs_2025-06-29.md,출고 로그,2025-06-29,문태준,물류팀,ISS-2025-006,문서ID: DOC-0009 작성일: 2025-06-29 문서유형: 출고 로그 작성자: 문태준 관련팀: 물류팀 고객사: Daesung Automotive 구매처: TE Connectivity Korea 품목: AP-CN-204 커넥터 관련이슈: ISS-2025-006 / Daesung Automotive 긴급 발주 대응 Daesung Automotive 관련 AP-CN-204 커넥터 업무 건으로 2025년 06월 29일 기준 진,2025-06-29T09:00:00,2026-06-01T09:00:00
DOC-0010,PROJ-001,단가 협상 메일 - DOC-0010,02_raw_documents/sales_emails/DOC-0010_sales_emails_2025-06-11.md,단가 협상 메일,2025-06-11,정하늘,영업관리팀,ISS-2025-006,문서ID: DOC-0010 작성일: 2025-06-11 문서유형: 단가 협상 메일 작성자: 정하늘 관련팀: 영업관리팀 고객사: Daesung Automotive 구매처: TE Connectivity Korea 품목: AP-CN-204 커넥터 관련이슈: ISS-2025-006 / Daesung Automotive 긴급 발주 대응 Daesung Automotive 관련 AP-CN-204 커넥터 업무 건으로 2025년 06월 11일,2025-06-11T09:00:00,2026-06-01T09:00:00
DOC-0011,PROJ-001,고객 납기 문의 - DOC-0011,02_raw_documents/sales_emails/DOC-0011_sales_emails_2025-06-18.md,고객 납기 문의,2025-06-18,정하늘,영업관리팀,ISS-2025-006,문서ID: DOC-0011 작성일: 2025-06-18 문서유형: 고객 납기 문의 작성자: 정하늘 관련팀: 영업관리팀 고객사: Daesung Automotive 구매처: TE Connectivity Korea 품목: AP-CN-204 커넥터 관련이슈: ISS-2025-006 / Daesung Automotive 긴급 발주 대응 Daesung Automotive 관련 AP-CN-204 커넥터 업무 건으로 2025년 06월 18일,2025-06-18T09:00:00,2026-06-01T09:00:00
DOC-0012,PROJ-001,주간 운영 회의록 - DOC-0012,02_raw_documents/meeting_notes/DOC-0012_meeting_notes_2025-06-15.md,주간 운영 회의록,2025-06-15,김도윤,운영총괄팀,ISS-2025-006,문서ID: DOC-0012 작성일: 2025-06-15 문서유형: 주간 운영 회의록 작성자: 김도윤 관련팀: 운영총괄팀 고객사: Daesung Automotive 구매처: TE Connectivity Korea 품목: AP-CN-204 커넥터 관련이슈: ISS-2025-006 / Daesung Automotive 긴급 발주 대응 Daesung Automotive 관련 AP-CN-204 커넥터 업무 건으로 2025년 06월 15,2025-06-15T09:00:00,2026-06-01T09:00:00
DOC-0013,PROJ-001,수출 고객 커뮤니케이션 메일 - DOC-0013,02_raw_documents/sales_emails/DOC-0013_sales_emails_2025-07-11.md,수출 고객 커뮤니케이션 메일,2025-07-11,정하늘,영업관리팀,ISS-2025-007,문서ID: DOC-0013 작성일: 2025-07-11 문서유형: 수출 고객 커뮤니케이션 메일 작성자: 정하늘 관련팀: 영업관리팀 고객사: Hanil Motors 구매처: TE Connectivity Korea 품목: AP-RL-450 릴레이 관련이슈: ISS-2025-007 / Hanil Motors 정기 발주 수량 변경 Hanil Motors 관련 AP-RL-450 릴레이 업무 건으로 2025년 07월 11일 기준 진행 상,2025-07-11T09:00:00,2026-06-01T09:00:00
DOC-0014,PROJ-001,주간 운영 회의록 - DOC-0014,02_raw_documents/meeting_notes/DOC-0014_meeting_notes_2025-07-25.md,주간 운영 회의록,2025-07-25,김도윤,운영총괄팀,,문서ID: DOC-0014 작성일: 2025-07-25 문서유형: 주간 운영 회의록 작성자: 김도윤 관련팀: 운영총괄팀 고객사: Daesung Automotive 구매처: Yazaki Parts Asia 품목: AP-RL-450 릴레이 관련이슈: 일반 운영 / 정기 운영 확인 Daesung Automotive 관련 AP-RL-450 릴레이 업무 건으로 2025년 07월 25일 기준 진행 상황을 정리합니다. 현재 확인된 수량은 ,2025-07-25T09:00:00,2026-06-01T09:00:00
DOC-0015,PROJ-001,팀 내부 진행 대화 - DOC-0015,02_raw_documents/chat_logs/DOC-0015_chat_logs_2025-07-03.md,팀 내부 진행 대화,2025-07-03,정하늘,영업관리팀,,문서ID: DOC-0015 작성일: 2025-07-03 문서유형: 팀 내부 진행 대화 작성자: 정하늘 관련팀: 영업관리팀 고객사: Daesung Automotive 구매처: JST Components 품목: AP-CB-510 케이블 어셈블리 관련이슈: 일반 운영 / 정기 운영 확인 Daesung Automotive 관련 AP-CB-510 케이블 어셈블리 업무 건으로 2025년 07월 03일 기준 진행 상황을 정리합니다. 현재 ,2025-07-03T09:00:00,2026-06-01T09:00:00
DOC-0016,PROJ-001,고객 불만 메일 - DOC-0016,02_raw_documents/sales_emails/DOC-0016_sales_emails_2025-07-03.md,고객 불만 메일,2025-07-03,정하늘,영업관리팀,,문서ID: DOC-0016 작성일: 2025-07-03 문서유형: 고객 불만 메일 작성자: 정하늘 관련팀: 영업관리팀 고객사: Hyundai Mobis Tier2 구매처: Yazaki Parts Asia 품목: AP-WH-220 와이어하네스 관련이슈: 일반 운영 / 정기 운영 확인 Hyundai Mobis Tier2 관련 AP-WH-220 와이어하네스 업무 건으로 2025년 07월 03일 기준 진행 상황을 정리합니다. 현재 확,2025-07-03T09:00:00,2026-06-01T09:00:00
DOC-0017,PROJ-001,월간 리스크 회의록 - DOC-0017,02_raw_documents/meeting_notes/DOC-0017_meeting_notes_2025-07-19.md,월간 리스크 회의록,2025-07-19,김도윤,운영총괄팀,ISS-2025-007,문서ID: DOC-0017 작성일: 2025-07-19 문서유형: 월간 리스크 회의록 작성자: 김도윤 관련팀: 운영총괄팀 고객사: Hanil Motors 구매처: TE Connectivity Korea 품목: AP-RL-450 릴레이 관련이슈: ISS-2025-007 / Hanil Motors 정기 발주 수량 변경 Hanil Motors 관련 AP-RL-450 릴레이 업무 건으로 2025년 07월 19일 기준 진행 상황을 정리,2025-07-19T09:00:00,2026-06-01T09:00:00
DOC-0018,PROJ-001,불량 원인 분석 메모 - DOC-0018,02_raw_documents/quality_claims/DOC-0018_quality_claims_2025-07-07.md,불량 원인 분석 메모,2025-07-07,송태현,품질 클레임팀,,문서ID: DOC-0018 작성일: 2025-07-07 문서유형: 불량 원인 분석 메모 작성자: 송태현 관련팀: 품질 클레임팀 고객사: Hyundai Mobis Tier2 구매처: TE Connectivity Korea 품목: AP-CN-204 커넥터 관련이슈: 일반 운영 / 정기 운영 확인 Hyundai Mobis Tier2 관련 AP-CN-204 커넥터 업무 건으로 2025년 07월 07일 기준 진행 상황을 정리합니다. 현,2025-07-07T09:00:00,2026-06-01T09:00:00
DOC-0019,PROJ-001,품질 클레임 대응 회의록 - DOC-0019,02_raw_documents/meeting_notes/DOC-0019_meeting_notes_2025-07-30.md,품질 클레임 대응 회의록,2025-07-30,김도윤,운영총괄팀,,문서ID: DOC-0019 작성일: 2025-07-30 문서유형: 품질 클레임 대응 회의록 작성자: 김도윤 관련팀: 운영총괄팀 고객사: Hyundai Mobis Tier2 구매처: KET Supplier 품목: AP-CB-510 케이블 어셈블리 관련이슈: 일반 운영 / 정기 운영 확인 Hyundai Mobis Tier2 관련 AP-CB-510 케이블 어셈블리 업무 건으로 2025년 07월 30일 기준 진행 상황을 정리합니다. ,2025-07-30T09:00:00,2026-06-01T09:00:00
DOC-0020,PROJ-001,리드타임 변경 공지 - DOC-0020,02_raw_documents/purchase_emails/DOC-0020_purchase_emails_2025-07-05.md,리드타임 변경 공지,2025-07-05,최유진,구매팀,,문서ID: DOC-0020 작성일: 2025-07-05 문서유형: 리드타임 변경 공지 작성자: 최유진 관련팀: 구매팀 고객사: Daesung Automotive 구매처: KET Supplier 품목: AP-SC-330 센서 케이블 관련이슈: 일반 운영 / 정기 운영 확인 Daesung Automotive 관련 AP-SC-330 센서 케이블 업무 건으로 2025년 07월 05일 기준 진행 상황을 정리합니다. 현재 확인된 수량은 ,2025-07-05T09:00:00,2026-06-01T09:00:00
DOC-0021,PROJ-001,클레임 접수표 - DOC-0021,02_raw_documents/quality_claims/DOC-0021_quality_claims_2025-07-23.md,클레임 접수표,2025-07-23,배수민,품질 클레임팀,ISS-2025-007,문서ID: DOC-0021 작성일: 2025-07-23 문서유형: 클레임 접수표 작성자: 배수민 관련팀: 품질 클레임팀 고객사: Hanil Motors 구매처: JST Components 품목: AP-RL-450 릴레이 관련이슈: ISS-2025-007 / Hanil Motors 정기 발주 수량 변경 Hanil Motors 관련 AP-RL-450 릴레이 업무 건으로 2025년 07월 23일 기준 진행 상황을 정리합니다. 현재 ,2025-07-23T09:00:00,2026-06-01T09:00:00
DOC-0022,PROJ-001,리드타임 변경 공지 - DOC-0022,02_raw_documents/purchase_emails/DOC-0022_purchase_emails_2025-07-11.md,리드타임 변경 공지,2025-07-11,오세진,구매팀,ISS-2025-007,문서ID: DOC-0022 작성일: 2025-07-11 문서유형: 리드타임 변경 공지 작성자: 오세진 관련팀: 구매팀 고객사: Hanil Motors 구매처: KET Supplier 품목: AP-RL-450 릴레이 관련이슈: ISS-2025-007 / Hanil Motors 정기 발주 수량 변경 Hanil Motors 관련 AP-RL-450 릴레이 업무 건으로 2025년 07월 11일 기준 진행 상황을 정리합니다. 현재 확인된,2025-07-11T09:00:00,2026-06-01T09:00:00
DOC-0023,PROJ-001,대체품 가능 여부 회신 - DOC-0023,02_raw_documents/purchase_emails/DOC-0023_purchase_emails_2025-07-05.md,대체품 가능 여부 회신,2025-07-05,오세진,구매팀,,문서ID: DOC-0023 작성일: 2025-07-05 문서유형: 대체품 가능 여부 회신 작성자: 오세진 관련팀: 구매팀 고객사: Hyundai Mobis Tier2 구매처: Yazaki Parts Asia 품목: AP-CB-510 케이블 어셈블리 관련이슈: 일반 운영 / 정기 운영 확인 Hyundai Mobis Tier2 관련 AP-CB-510 케이블 어셈블리 업무 건으로 2025년 07월 05일 기준 진행 상황을 정리합니다,2025-07-05T09:00:00,2026-06-01T09:00:00
DOC-0024,PROJ-001,출고 로그 - DOC-0024,02_raw_documents/logistics_logs/DOC-0024_logistics_logs_2025-07-27.md,출고 로그,2025-07-27,문태준,물류팀,,"문서ID: DOC-0024 작성일: 2025-07-27 문서유형: 출고 로그 작성자: 문태준 관련팀: 물류팀 고객사: Mirae EV Systems 구매처: Local Cable Works 품목: AP-CN-204 커넥터 관련이슈: 일반 운영 / 정기 운영 확인 Mirae EV Systems 관련 AP-CN-204 커넥터 업무 건으로 2025년 07월 27일 기준 진행 상황을 정리합니다. 현재 확인된 수량은 800개이며, 요청",2025-07-27T09:00:00,2026-06-01T09:00:00
DOC-0025,PROJ-001,팀장 승인 요청 대화 - DOC-0025,02_raw_documents/chat_logs/DOC-0025_chat_logs_2025-08-27.md,팀장 승인 요청 대화,2025-08-27,정하늘,영업관리팀,ISS-2025-008,문서ID: DOC-0025 작성일: 2025-08-27 문서유형: 팀장 승인 요청 대화 작성자: 정하늘 관련팀: 영업관리팀 고객사: Hyundai Mobis Tier2 구매처: KET Supplier 품목: AP-WH-220 와이어하네스 관련이슈: ISS-2025-008 / KET Supplier 재고 부족으로 납기 지연 가능 Hyundai Mobis Tier2 관련 AP-WH-220 와이어하네스 업무 건으로 2025년 08월,2025-08-27T09:00:00,2026-06-01T09:00:00
DOC-0026,PROJ-001,단가 협상 메일 - DOC-0026,02_raw_documents/sales_emails/DOC-0026_sales_emails_2025-08-20.md,단가 협상 메일,2025-08-20,박서연,영업관리팀,ISS-2025-008,문서ID: DOC-0026 작성일: 2025-08-20 문서유형: 단가 협상 메일 작성자: 박서연 관련팀: 영업관리팀 고객사: Hyundai Mobis Tier2 구매처: KET Supplier 품목: AP-WH-220 와이어하네스 관련이슈: ISS-2025-008 / KET Supplier 재고 부족으로 납기 지연 가능 Hyundai Mobis Tier2 관련 AP-WH-220 와이어하네스 업무 건으로 2025년 08월 20,2025-08-20T09:00:00,2026-06-01T09:00:00
DOC-0027,PROJ-001,통관 지연 기록 - DOC-0027,02_raw_documents/logistics_logs/DOC-0027_logistics_logs_2025-08-17.md,통관 지연 기록,2025-08-17,문태준,물류팀,ISS-2025-008,문서ID: DOC-0027 작성일: 2025-08-17 문서유형: 통관 지연 기록 작성자: 문태준 관련팀: 물류팀 고객사: Hyundai Mobis Tier2 구매처: KET Supplier 품목: AP-WH-220 와이어하네스 관련이슈: ISS-2025-008 / KET Supplier 재고 부족으로 납기 지연 가능 Hyundai Mobis Tier2 관련 AP-WH-220 와이어하네스 업무 건으로 2025년 08월 17일 ,2025-08-17T09:00:00,2026-06-01T09:00:00
DOC-0028,PROJ-001,Todo 노출 대화 - DOC-0028,02_raw_documents/chat_logs/DOC-0028_chat_logs_2025-08-17.md,Todo 노출 대화,2025-08-17,이민재,영업관리팀,ISS-2025-008,문서ID: DOC-0028 작성일: 2025-08-17 문서유형: Todo 노출 대화 작성자: 이민재 관련팀: 영업관리팀 고객사: Hyundai Mobis Tier2 구매처: KET Supplier 품목: AP-WH-220 와이어하네스 관련이슈: ISS-2025-008 / KET Supplier 재고 부족으로 납기 지연 가능 Hyundai Mobis Tier2 관련 AP-WH-220 와이어하네스 업무 건으로 2025년 08월 ,2025-08-17T09:00:00,2026-06-01T09:00:00
DOC-0029,PROJ-001,개선대책 요청 - DOC-0029,02_raw_documents/quality_claims/DOC-0029_quality_claims_2025-08-20.md,개선대책 요청,2025-08-20,송태현,품질 클레임팀,ISS-2025-008,문서ID: DOC-0029 작성일: 2025-08-20 문서유형: 개선대책 요청 작성자: 송태현 관련팀: 품질 클레임팀 고객사: Hyundai Mobis Tier2 구매처: KET Supplier 품목: AP-WH-220 와이어하네스 관련이슈: ISS-2025-008 / KET Supplier 재고 부족으로 납기 지연 가능 Hyundai Mobis Tier2 관련 AP-WH-220 와이어하네스 업무 건으로 2025년 08월 2,2025-08-20T09:00:00,2026-06-01T09:00:00
DOC-0030,PROJ-001,고객 불만 메일 - DOC-0030,02_raw_documents/sales_emails/DOC-0030_sales_emails_2025-08-05.md,고객 불만 메일,2025-08-05,박서연,영업관리팀,ISS-2025-008,문서ID: DOC-0030 작성일: 2025-08-05 문서유형: 고객 불만 메일 작성자: 박서연 관련팀: 영업관리팀 고객사: Hyundai Mobis Tier2 구매처: KET Supplier 품목: AP-WH-220 와이어하네스 관련이슈: ISS-2025-008 / KET Supplier 재고 부족으로 납기 지연 가능 Hyundai Mobis Tier2 관련 AP-WH-220 와이어하네스 업무 건으로 2025년 08월 05,2025-08-05T09:00:00,2026-06-01T09:00:00
DOC-0031,PROJ-001,배송 지연 기록 - DOC-0031,02_raw_documents/logistics_logs/DOC-0031_logistics_logs_2025-08-20.md,배송 지연 기록,2025-08-20,문태준,물류팀,ISS-2025-008,문서ID: DOC-0031 작성일: 2025-08-20 문서유형: 배송 지연 기록 작성자: 문태준 관련팀: 물류팀 고객사: Hyundai Mobis Tier2 구매처: KET Supplier 품목: AP-WH-220 와이어하네스 관련이슈: ISS-2025-008 / KET Supplier 재고 부족으로 납기 지연 가능 Hyundai Mobis Tier2 관련 AP-WH-220 와이어하네스 업무 건으로 2025년 08월 20일 ,2025-08-20T09:00:00,2026-06-01T09:00:00
DOC-0032,PROJ-001,입고 로그 - DOC-0032,02_raw_documents/logistics_logs/DOC-0032_logistics_logs_2025-08-07.md,입고 로그,2025-08-07,권재윤,물류팀,ISS-2025-008,문서ID: DOC-0032 작성일: 2025-08-07 문서유형: 입고 로그 작성자: 권재윤 관련팀: 물류팀 고객사: Hyundai Mobis Tier2 구매처: KET Supplier 품목: AP-WH-220 와이어하네스 관련이슈: ISS-2025-008 / KET Supplier 재고 부족으로 납기 지연 가능 Hyundai Mobis Tier2 관련 AP-WH-220 와이어하네스 업무 건으로 2025년 08월 07일 기준 ,2025-08-07T09:00:00,2026-06-01T09:00:00
DOC-0033,PROJ-001,팀장 승인 요청 대화 - DOC-0033,02_raw_documents/chat_logs/DOC-0033_chat_logs_2025-08-30.md,팀장 승인 요청 대화,2025-08-30,이민재,영업관리팀,ISS-2025-008,문서ID: DOC-0033 작성일: 2025-08-30 문서유형: 팀장 승인 요청 대화 작성자: 이민재 관련팀: 영업관리팀 고객사: Hyundai Mobis Tier2 구매처: KET Supplier 품목: AP-WH-220 와이어하네스 관련이슈: ISS-2025-008 / KET Supplier 재고 부족으로 납기 지연 가능 Hyundai Mobis Tier2 관련 AP-WH-220 와이어하네스 업무 건으로 2025년 08월,2025-08-30T09:00:00,2026-06-01T09:00:00
DOC-0034,PROJ-001,팀 내부 진행 대화 - DOC-0034,02_raw_documents/chat_logs/DOC-0034_chat_logs_2025-08-13.md,팀 내부 진행 대화,2025-08-13,박서연,영업관리팀,ISS-2025-008,문서ID: DOC-0034 작성일: 2025-08-13 문서유형: 팀 내부 진행 대화 작성자: 박서연 관련팀: 영업관리팀 고객사: Hyundai Mobis Tier2 구매처: KET Supplier 품목: AP-WH-220 와이어하네스 관련이슈: ISS-2025-008 / KET Supplier 재고 부족으로 납기 지연 가능 Hyundai Mobis Tier2 관련 AP-WH-220 와이어하네스 업무 건으로 2025년 08월 ,2025-08-13T09:00:00,2026-06-01T09:00:00
DOC-0035,PROJ-001,팀 내부 진행 대화 - DOC-0035,02_raw_documents/chat_logs/DOC-0035_chat_logs_2025-08-17.md,팀 내부 진행 대화,2025-08-17,정하늘,영업관리팀,ISS-2025-008,문서ID: DOC-0035 작성일: 2025-08-17 문서유형: 팀 내부 진행 대화 작성자: 정하늘 관련팀: 영업관리팀 고객사: Hyundai Mobis Tier2 구매처: KET Supplier 품목: AP-WH-220 와이어하네스 관련이슈: ISS-2025-008 / KET Supplier 재고 부족으로 납기 지연 가능 Hyundai Mobis Tier2 관련 AP-WH-220 와이어하네스 업무 건으로 2025년 08월 ,2025-08-17T09:00:00,2026-06-01T09:00:00
DOC-0036,PROJ-001,리드타임 변경 공지 - DOC-0036,02_raw_documents/purchase_emails/DOC-0036_purchase_emails_2025-08-05.md,리드타임 변경 공지,2025-08-05,오세진,구매팀,ISS-2025-008,문서ID: DOC-0036 작성일: 2025-08-05 문서유형: 리드타임 변경 공지 작성자: 오세진 관련팀: 구매팀 고객사: Hyundai Mobis Tier2 구매처: KET Supplier 품목: AP-WH-220 와이어하네스 관련이슈: ISS-2025-008 / KET Supplier 재고 부족으로 납기 지연 가능 Hyundai Mobis Tier2 관련 AP-WH-220 와이어하네스 업무 건으로 2025년 08월 05,2025-08-05T09:00:00,2026-06-01T09:00:00
DOC-0037,PROJ-001,배송 지연 기록 - DOC-0037,02_raw_documents/logistics_logs/DOC-0037_logistics_logs_2025-09-25.md,배송 지연 기록,2025-09-25,윤예린,물류팀,ISS-2025-009,문서ID: DOC-0037 작성일: 2025-09-25 문서유형: 배송 지연 기록 작성자: 윤예린 관련팀: 물류팀 고객사: Global Harness Vietnam 구매처: Yazaki Parts Asia 품목: AP-CB-510 케이블 어셈블리 관련이슈: ISS-2025-009 / Global Harness Vietnam 수출 서류 누락 통관 지연 Global Harness Vietnam 관련 AP-CB-510 케이블 어셈블,2025-09-25T09:00:00,2026-06-01T09:00:00
DOC-0038,PROJ-001,구매처 재고 부족 안내 - DOC-0038,02_raw_documents/purchase_emails/DOC-0038_purchase_emails_2025-09-14.md,구매처 재고 부족 안내,2025-09-14,강민호,구매팀,ISS-2025-009,문서ID: DOC-0038 작성일: 2025-09-14 문서유형: 구매처 재고 부족 안내 작성자: 강민호 관련팀: 구매팀 고객사: Global Harness Vietnam 구매처: TE Connectivity Korea 품목: AP-CB-510 케이블 어셈블리 관련이슈: ISS-2025-009 / Global Harness Vietnam 수출 서류 누락 통관 지연 Global Harness Vietnam 관련 AP-CB-510,2025-09-14T09:00:00,2026-06-01T09:00:00
DOC-0039,PROJ-001,배송 지연 기록 - DOC-0039,02_raw_documents/logistics_logs/DOC-0039_logistics_logs_2025-09-02.md,배송 지연 기록,2025-09-02,문태준,물류팀,ISS-2025-008,문서ID: DOC-0039 작성일: 2025-09-02 문서유형: 배송 지연 기록 작성자: 문태준 관련팀: 물류팀 고객사: Hyundai Mobis Tier2 구매처: KET Supplier 품목: AP-WH-220 와이어하네스 관련이슈: ISS-2025-008 / KET Supplier 재고 부족으로 납기 지연 가능 Hyundai Mobis Tier2 관련 AP-WH-220 와이어하네스 업무 건으로 2025년 09월 02일 ,2025-09-02T09:00:00,2026-06-01T09:00:00
DOC-0040,PROJ-001,리드타임 변경 공지 - DOC-0040,02_raw_documents/purchase_emails/DOC-0040_purchase_emails_2025-09-02.md,리드타임 변경 공지,2025-09-02,강민호,구매팀,ISS-2025-008,문서ID: DOC-0040 작성일: 2025-09-02 문서유형: 리드타임 변경 공지 작성자: 강민호 관련팀: 구매팀 고객사: Hyundai Mobis Tier2 구매처: KET Supplier 품목: AP-WH-220 와이어하네스 관련이슈: ISS-2025-008 / KET Supplier 재고 부족으로 납기 지연 가능 Hyundai Mobis Tier2 관련 AP-WH-220 와이어하네스 업무 건으로 2025년 09월 02,2025-09-02T09:00:00,2026-06-01T09:00:00
DOC-0041,PROJ-001,리드타임 변경 공지 - DOC-0041,02_raw_documents/purchase_emails/DOC-0041_purchase_emails_2025-09-20.md,리드타임 변경 공지,2025-09-20,최유진,구매팀,ISS-2025-009,문서ID: DOC-0041 작성일: 2025-09-20 문서유형: 리드타임 변경 공지 작성자: 최유진 관련팀: 구매팀 고객사: Global Harness Vietnam 구매처: Local Cable Works 품목: AP-CB-510 케이블 어셈블리 관련이슈: ISS-2025-009 / Global Harness Vietnam 수출 서류 누락 통관 지연 Global Harness Vietnam 관련 AP-CB-510 케이블 어,2025-09-20T09:00:00,2026-06-01T09:00:00
DOC-0042,PROJ-001,고객 납기 문의 - DOC-0042,02_raw_documents/sales_emails/DOC-0042_sales_emails_2025-09-28.md,고객 납기 문의,2025-09-28,이민재,영업관리팀,,문서ID: DOC-0042 작성일: 2025-09-28 문서유형: 고객 납기 문의 작성자: 이민재 관련팀: 영업관리팀 고객사: Hyundai Mobis Tier2 구매처: Yazaki Parts Asia 품목: AP-WH-220 와이어하네스 관련이슈: 일반 운영 / 정기 운영 확인 Hyundai Mobis Tier2 관련 AP-WH-220 와이어하네스 업무 건으로 2025년 09월 28일 기준 진행 상황을 정리합니다. 현재 확,2025-09-28T09:00:00,2026-06-01T09:00:00
DOC-0043,PROJ-001,긴급 항공 이송 승인 요청 - DOC-0043,02_raw_documents/logistics_logs/DOC-0043_logistics_logs_2025-09-20.md,긴급 항공 이송 승인 요청,2025-09-20,문태준,물류팀,ISS-2025-009,문서ID: DOC-0043 작성일: 2025-09-20 문서유형: 긴급 항공 이송 승인 요청 작성자: 문태준 관련팀: 물류팀 고객사: Global Harness Vietnam 구매처: Local Cable Works 품목: AP-CB-510 케이블 어셈블리 관련이슈: ISS-2025-009 / Global Harness Vietnam 수출 서류 누락 통관 지연 Global Harness Vietnam 관련 AP-CB-510 케,2025-09-20T09:00:00,2026-06-01T09:00:00
DOC-0044,PROJ-001,공급처 품질 확인 요청 - DOC-0044,02_raw_documents/quality_claims/DOC-0044_quality_claims_2025-09-28.md,공급처 품질 확인 요청,2025-09-28,배수민,품질 클레임팀,,문서ID: DOC-0044 작성일: 2025-09-28 문서유형: 공급처 품질 확인 요청 작성자: 배수민 관련팀: 품질 클레임팀 고객사: Hyundai Mobis Tier2 구매처: JST Components 품목: AP-RL-450 릴레이 관련이슈: 일반 운영 / 정기 운영 확인 Hyundai Mobis Tier2 관련 AP-RL-450 릴레이 업무 건으로 2025년 09월 28일 기준 진행 상황을 정리합니다. 현재 확인된 ,2025-09-28T09:00:00,2026-06-01T09:00:00
DOC-0045,PROJ-001,인수인계 준비 회의록 - DOC-0045,02_raw_documents/meeting_notes/DOC-0045_meeting_notes_2025-09-14.md,인수인계 준비 회의록,2025-09-14,김도윤,운영총괄팀,ISS-2025-009,문서ID: DOC-0045 작성일: 2025-09-14 문서유형: 인수인계 준비 회의록 작성자: 김도윤 관련팀: 운영총괄팀 고객사: Global Harness Vietnam 구매처: Local Cable Works 품목: AP-CB-510 케이블 어셈블리 관련이슈: ISS-2025-009 / Global Harness Vietnam 수출 서류 누락 통관 지연 Global Harness Vietnam 관련 AP-CB-510 케이,2025-09-14T09:00:00,2026-06-01T09:00:00
DOC-0046,PROJ-001,긴급 항공 이송 승인 요청 - DOC-0046,02_raw_documents/logistics_logs/DOC-0046_logistics_logs_2025-09-14.md,긴급 항공 이송 승인 요청,2025-09-14,권재윤,물류팀,ISS-2025-009,문서ID: DOC-0046 작성일: 2025-09-14 문서유형: 긴급 항공 이송 승인 요청 작성자: 권재윤 관련팀: 물류팀 고객사: Global Harness Vietnam 구매처: KET Supplier 품목: AP-CB-510 케이블 어셈블리 관련이슈: ISS-2025-009 / Global Harness Vietnam 수출 서류 누락 통관 지연 Global Harness Vietnam 관련 AP-CB-510 케이블 어셈,2025-09-14T09:00:00,2026-06-01T09:00:00
DOC-0047,PROJ-001,고객 회신 초안 - DOC-0047,02_raw_documents/quality_claims/DOC-0047_quality_claims_2025-09-18.md,고객 회신 초안,2025-09-18,배수민,품질 클레임팀,ISS-2025-009,문서ID: DOC-0047 작성일: 2025-09-18 문서유형: 고객 회신 초안 작성자: 배수민 관련팀: 품질 클레임팀 고객사: Global Harness Vietnam 구매처: Yazaki Parts Asia 품목: AP-CB-510 케이블 어셈블리 관련이슈: ISS-2025-009 / Global Harness Vietnam 수출 서류 누락 통관 지연 Global Harness Vietnam 관련 AP-CB-510 케이블,2025-09-18T09:00:00,2026-06-01T09:00:00
DOC-0048,PROJ-001,구매처 견적 회신 - DOC-0048,02_raw_documents/purchase_emails/DOC-0048_purchase_emails_2025-09-08.md,구매처 견적 회신,2025-09-08,최유진,구매팀,ISS-2025-009,문서ID: DOC-0048 작성일: 2025-09-08 문서유형: 구매처 견적 회신 작성자: 최유진 관련팀: 구매팀 고객사: Global Harness Vietnam 구매처: KET Supplier 품목: AP-CB-510 케이블 어셈블리 관련이슈: ISS-2025-009 / Global Harness Vietnam 수출 서류 누락 통관 지연 Global Harness Vietnam 관련 AP-CB-510 케이블 어셈블리 업무,2025-09-08T09:00:00,2026-06-01T09:00:00
DOC-0049,PROJ-001,인수인계 준비 회의록 - DOC-0049,02_raw_documents/meeting_notes/DOC-0049_meeting_notes_2025-10-03.md,인수인계 준비 회의록,2025-10-03,김도윤,운영총괄팀,,문서ID: DOC-0049 작성일: 2025-10-03 문서유형: 인수인계 준비 회의록 작성자: 김도윤 관련팀: 운영총괄팀 고객사: Daesung Automotive 구매처: TE Connectivity Korea 품목: AP-SC-330 센서 케이블 관련이슈: 일반 운영 / 정기 운영 확인 Daesung Automotive 관련 AP-SC-330 센서 케이블 업무 건으로 2025년 10월 03일 기준 진행 상황을 정리합니다.,2025-10-03T09:00:00,2026-06-01T09:00:00
DOC-0050,PROJ-001,배송 지연 기록 - DOC-0050,02_raw_documents/logistics_logs/DOC-0050_logistics_logs_2025-10-01.md,배송 지연 기록,2025-10-01,문태준,물류팀,,문서ID: DOC-0050 작성일: 2025-10-01 문서유형: 배송 지연 기록 작성자: 문태준 관련팀: 물류팀 고객사: Global Harness Vietnam 구매처: JST Components 품목: AP-CN-204 커넥터 관련이슈: 일반 운영 / 정기 운영 확인 Global Harness Vietnam 관련 AP-CN-204 커넥터 업무 건으로 2025년 10월 01일 기준 진행 상황을 정리합니다. 현재 확인된 수량,2025-10-01T09:00:00,2026-06-01T09:00:00
DOC-0051,PROJ-001,입고 로그 - DOC-0051,02_raw_documents/logistics_logs/DOC-0051_logistics_logs_2025-10-03.md,입고 로그,2025-10-03,문태준,물류팀,,문서ID: DOC-0051 작성일: 2025-10-03 문서유형: 입고 로그 작성자: 문태준 관련팀: 물류팀 고객사: Global Harness Vietnam 구매처: Local Cable Works 품목: AP-CN-204 커넥터 관련이슈: 일반 운영 / 정기 운영 확인 Global Harness Vietnam 관련 AP-CN-204 커넥터 업무 건으로 2025년 10월 03일 기준 진행 상황을 정리합니다. 현재 확인된 수량,2025-10-03T09:00:00,2026-06-01T09:00:00
DOC-0052,PROJ-001,단가 협상 회의록 - DOC-0052,02_raw_documents/meeting_notes/DOC-0052_meeting_notes_2025-10-14.md,단가 협상 회의록,2025-10-14,김도윤,운영총괄팀,ISS-2025-010,문서ID: DOC-0052 작성일: 2025-10-14 문서유형: 단가 협상 회의록 작성자: 김도윤 관련팀: 운영총괄팀 고객사: Mirae EV Systems 구매처: Local Cable Works 품목: AP-CB-510 케이블 어셈블리 관련이슈: ISS-2025-010 / Local Cable Works 대체품 승인 검토 Mirae EV Systems 관련 AP-CB-510 케이블 어셈블리 업무 건으로 2025년 10월 ,2025-10-14T09:00:00,2026-06-01T09:00:00
DOC-0053,PROJ-001,인수인계 준비 회의록 - DOC-0053,02_raw_documents/meeting_notes/DOC-0053_meeting_notes_2025-10-14.md,인수인계 준비 회의록,2025-10-14,김도윤,운영총괄팀,ISS-2025-010,문서ID: DOC-0053 작성일: 2025-10-14 문서유형: 인수인계 준비 회의록 작성자: 김도윤 관련팀: 운영총괄팀 고객사: Mirae EV Systems 구매처: Local Cable Works 품목: AP-CB-510 케이블 어셈블리 관련이슈: ISS-2025-010 / Local Cable Works 대체품 승인 검토 Mirae EV Systems 관련 AP-CB-510 케이블 어셈블리 업무 건으로 2025년 10,2025-10-14T09:00:00,2026-06-01T09:00:00
DOC-0054,PROJ-001,개선대책 요청 - DOC-0054,02_raw_documents/quality_claims/DOC-0054_quality_claims_2025-10-27.md,개선대책 요청,2025-10-27,송태현,품질 클레임팀,ISS-2025-010,문서ID: DOC-0054 작성일: 2025-10-27 문서유형: 개선대책 요청 작성자: 송태현 관련팀: 품질 클레임팀 고객사: Mirae EV Systems 구매처: Local Cable Works 품목: AP-CB-510 케이블 어셈블리 관련이슈: ISS-2025-010 / Local Cable Works 대체품 승인 검토 Mirae EV Systems 관련 AP-CB-510 케이블 어셈블리 업무 건으로 2025년 10월 ,2025-10-27T09:00:00,2026-06-01T09:00:00
DOC-0055,PROJ-001,출고 로그 - DOC-0055,02_raw_documents/logistics_logs/DOC-0055_logistics_logs_2025-10-31.md,출고 로그,2025-10-31,권재윤,물류팀,ISS-2025-011,문서ID: DOC-0055 작성일: 2025-10-31 문서유형: 출고 로그 작성자: 권재윤 관련팀: 물류팀 고객사: Mirae EV Systems 구매처: JST Components 품목: AP-SC-330 센서 케이블 관련이슈: ISS-2025-011 / Mirae EV Systems 센서 케이블 반복 클레임 Mirae EV Systems 관련 AP-SC-330 센서 케이블 업무 건으로 2025년 10월 31일 기준 진행 ,2025-10-31T09:00:00,2026-06-01T09:00:00
DOC-0056,PROJ-001,리드타임 변경 공지 - DOC-0056,02_raw_documents/purchase_emails/DOC-0056_purchase_emails_2025-10-27.md,리드타임 변경 공지,2025-10-27,강민호,구매팀,ISS-2025-010,문서ID: DOC-0056 작성일: 2025-10-27 문서유형: 리드타임 변경 공지 작성자: 강민호 관련팀: 구매팀 고객사: Mirae EV Systems 구매처: Local Cable Works 품목: AP-CB-510 케이블 어셈블리 관련이슈: ISS-2025-010 / Local Cable Works 대체품 승인 검토 Mirae EV Systems 관련 AP-CB-510 케이블 어셈블리 업무 건으로 2025년 10월 2,2025-10-27T09:00:00,2026-06-01T09:00:00
DOC-0057,PROJ-001,Todo 노출 대화 - DOC-0057,02_raw_documents/chat_logs/DOC-0057_chat_logs_2025-10-27.md,Todo 노출 대화,2025-10-27,정하늘,영업관리팀,ISS-2025-010,문서ID: DOC-0057 작성일: 2025-10-27 문서유형: Todo 노출 대화 작성자: 정하늘 관련팀: 영업관리팀 고객사: Mirae EV Systems 구매처: Local Cable Works 품목: AP-CB-510 케이블 어셈블리 관련이슈: ISS-2025-010 / Local Cable Works 대체품 승인 검토 Mirae EV Systems 관련 AP-CB-510 케이블 어셈블리 업무 건으로 2025년 10월,2025-10-27T09:00:00,2026-06-01T09:00:00
DOC-0058,PROJ-001,불량 원인 분석 메모 - DOC-0058,02_raw_documents/quality_claims/DOC-0058_quality_claims_2025-10-27.md,불량 원인 분석 메모,2025-10-27,한지우,품질 클레임팀,ISS-2025-010,문서ID: DOC-0058 작성일: 2025-10-27 문서유형: 불량 원인 분석 메모 작성자: 한지우 관련팀: 품질 클레임팀 고객사: Mirae EV Systems 구매처: Local Cable Works 품목: AP-CB-510 케이블 어셈블리 관련이슈: ISS-2025-010 / Local Cable Works 대체품 승인 검토 Mirae EV Systems 관련 AP-CB-510 케이블 어셈블리 업무 건으로 2025년 ,2025-10-27T09:00:00,2026-06-01T09:00:00
DOC-0059,PROJ-001,고객 납기 문의 - DOC-0059,02_raw_documents/sales_emails/DOC-0059_sales_emails_2025-10-27.md,고객 납기 문의,2025-10-27,박서연,영업관리팀,ISS-2025-010,문서ID: DOC-0059 작성일: 2025-10-27 문서유형: 고객 납기 문의 작성자: 박서연 관련팀: 영업관리팀 고객사: Mirae EV Systems 구매처: Local Cable Works 품목: AP-CB-510 케이블 어셈블리 관련이슈: ISS-2025-010 / Local Cable Works 대체품 승인 검토 Mirae EV Systems 관련 AP-CB-510 케이블 어셈블리 업무 건으로 2025년 10월 2,2025-10-27T09:00:00,2026-06-01T09:00:00
DOC-0060,PROJ-001,Todo 노출 대화 - DOC-0060,02_raw_documents/chat_logs/DOC-0060_chat_logs_2025-10-07.md,Todo 노출 대화,2025-10-07,정하늘,영업관리팀,ISS-2025-010,문서ID: DOC-0060 작성일: 2025-10-07 문서유형: Todo 노출 대화 작성자: 정하늘 관련팀: 영업관리팀 고객사: Mirae EV Systems 구매처: Local Cable Works 품목: AP-CB-510 케이블 어셈블리 관련이슈: ISS-2025-010 / Local Cable Works 대체품 승인 검토 Mirae EV Systems 관련 AP-CB-510 케이블 어셈블리 업무 건으로 2025년 10월,2025-10-07T09:00:00,2026-06-01T09:00:00
DOC-0061,PROJ-001,수출 고객 커뮤니케이션 메일 - DOC-0061,02_raw_documents/sales_emails/DOC-0061_sales_emails_2025-11-25.md,수출 고객 커뮤니케이션 메일,2025-11-25,정하늘,영업관리팀,ISS-2025-011,문서ID: DOC-0061 작성일: 2025-11-25 문서유형: 수출 고객 커뮤니케이션 메일 작성자: 정하늘 관련팀: 영업관리팀 고객사: Mirae EV Systems 구매처: JST Components 품목: AP-SC-330 센서 케이블 관련이슈: ISS-2025-011 / Mirae EV Systems 센서 케이블 반복 클레임 Mirae EV Systems 관련 AP-SC-330 센서 케이블 업무 건으로 2025년 11,2025-11-25T09:00:00,2026-06-01T09:00:00
DOC-0062,PROJ-001,Todo 노출 대화 - DOC-0062,02_raw_documents/chat_logs/DOC-0062_chat_logs_2025-11-13.md,Todo 노출 대화,2025-11-13,이민재,영업관리팀,ISS-2025-011,문서ID: DOC-0062 작성일: 2025-11-13 문서유형: Todo 노출 대화 작성자: 이민재 관련팀: 영업관리팀 고객사: Mirae EV Systems 구매처: JST Components 품목: AP-SC-330 센서 케이블 관련이슈: ISS-2025-011 / Mirae EV Systems 센서 케이블 반복 클레임 Mirae EV Systems 관련 AP-SC-330 센서 케이블 업무 건으로 2025년 11월 13일,2025-11-13T09:00:00,2026-06-01T09:00:00
DOC-0063,PROJ-001,Blocked 상태 대화 - DOC-0063,02_raw_documents/chat_logs/DOC-0063_chat_logs_2025-11-08.md,Blocked 상태 대화,2025-11-08,박서연,영업관리팀,ISS-2025-011,문서ID: DOC-0063 작성일: 2025-11-08 문서유형: Blocked 상태 대화 작성자: 박서연 관련팀: 영업관리팀 고객사: Mirae EV Systems 구매처: JST Components 품목: AP-SC-330 센서 케이블 관련이슈: ISS-2025-011 / Mirae EV Systems 센서 케이블 반복 클레임 Mirae EV Systems 관련 AP-SC-330 센서 케이블 업무 건으로 2025년 11월 ,2025-11-08T09:00:00,2026-06-01T09:00:00
DOC-0064,PROJ-001,개선대책 요청 - DOC-0064,02_raw_documents/quality_claims/DOC-0064_quality_claims_2025-11-04.md,개선대책 요청,2025-11-04,배수민,품질 클레임팀,ISS-2025-011,문서ID: DOC-0064 작성일: 2025-11-04 문서유형: 개선대책 요청 작성자: 배수민 관련팀: 품질 클레임팀 고객사: Mirae EV Systems 구매처: JST Components 품목: AP-SC-330 센서 케이블 관련이슈: ISS-2025-011 / Mirae EV Systems 센서 케이블 반복 클레임 Mirae EV Systems 관련 AP-SC-330 센서 케이블 업무 건으로 2025년 11월 04일 ,2025-11-04T09:00:00,2026-06-01T09:00:00
DOC-0065,PROJ-001,리드타임 변경 공지 - DOC-0065,02_raw_documents/purchase_emails/DOC-0065_purchase_emails_2025-11-19.md,리드타임 변경 공지,2025-11-19,강민호,구매팀,ISS-2025-014,문서ID: DOC-0065 작성일: 2025-11-19 문서유형: 리드타임 변경 공지 작성자: 강민호 관련팀: 구매팀 고객사: Mirae EV Systems 구매처: JST Components 품목: AP-SC-330 센서 케이블 관련이슈: ISS-2025-014 / JST Components 검사 성적서 보완 Mirae EV Systems 관련 AP-SC-330 센서 케이블 업무 건으로 2025년 11월 19일 기준 진행 상,2025-11-19T09:00:00,2026-06-01T09:00:00
DOC-0066,PROJ-001,주간 운영 회의록 - DOC-0066,02_raw_documents/meeting_notes/DOC-0066_meeting_notes_2025-11-06.md,주간 운영 회의록,2025-11-06,김도윤,운영총괄팀,ISS-2025-011,문서ID: DOC-0066 작성일: 2025-11-06 문서유형: 주간 운영 회의록 작성자: 김도윤 관련팀: 운영총괄팀 고객사: Mirae EV Systems 구매처: JST Components 품목: AP-SC-330 센서 케이블 관련이슈: ISS-2025-011 / Mirae EV Systems 센서 케이블 반복 클레임 Mirae EV Systems 관련 AP-SC-330 센서 케이블 업무 건으로 2025년 11월 06일 ,2025-11-06T09:00:00,2026-06-01T09:00:00
DOC-0067,PROJ-001,주간 운영 회의록 - DOC-0067,02_raw_documents/meeting_notes/DOC-0067_meeting_notes_2025-11-25.md,주간 운영 회의록,2025-11-25,김도윤,운영총괄팀,ISS-2025-011,문서ID: DOC-0067 작성일: 2025-11-25 문서유형: 주간 운영 회의록 작성자: 김도윤 관련팀: 운영총괄팀 고객사: Mirae EV Systems 구매처: JST Components 품목: AP-SC-330 센서 케이블 관련이슈: ISS-2025-011 / Mirae EV Systems 센서 케이블 반복 클레임 Mirae EV Systems 관련 AP-SC-330 센서 케이블 업무 건으로 2025년 11월 25일 ,2025-11-25T09:00:00,2026-06-01T09:00:00
DOC-0068,PROJ-001,긴급 항공 이송 승인 요청 - DOC-0068,02_raw_documents/logistics_logs/DOC-0068_logistics_logs_2025-11-08.md,긴급 항공 이송 승인 요청,2025-11-08,권재윤,물류팀,ISS-2025-011,문서ID: DOC-0068 작성일: 2025-11-08 문서유형: 긴급 항공 이송 승인 요청 작성자: 권재윤 관련팀: 물류팀 고객사: Mirae EV Systems 구매처: JST Components 품목: AP-SC-330 센서 케이블 관련이슈: ISS-2025-011 / Mirae EV Systems 센서 케이블 반복 클레임 Mirae EV Systems 관련 AP-SC-330 센서 케이블 업무 건으로 2025년 11월 0,2025-11-08T09:00:00,2026-06-01T09:00:00
DOC-0069,PROJ-001,고객 회신 초안 - DOC-0069,02_raw_documents/quality_claims/DOC-0069_quality_claims_2025-11-19.md,고객 회신 초안,2025-11-19,한지우,품질 클레임팀,ISS-2025-011,문서ID: DOC-0069 작성일: 2025-11-19 문서유형: 고객 회신 초안 작성자: 한지우 관련팀: 품질 클레임팀 고객사: Mirae EV Systems 구매처: JST Components 품목: AP-SC-330 센서 케이블 관련이슈: ISS-2025-011 / Mirae EV Systems 센서 케이블 반복 클레임 Mirae EV Systems 관련 AP-SC-330 센서 케이블 업무 건으로 2025년 11월 19일,2025-11-19T09:00:00,2026-06-01T09:00:00
DOC-0070,PROJ-001,구매처 견적 회신 - DOC-0070,02_raw_documents/purchase_emails/DOC-0070_purchase_emails_2025-11-17.md,구매처 견적 회신,2025-11-17,강민호,구매팀,ISS-2025-011,문서ID: DOC-0070 작성일: 2025-11-17 문서유형: 구매처 견적 회신 작성자: 강민호 관련팀: 구매팀 고객사: Mirae EV Systems 구매처: JST Components 품목: AP-SC-330 센서 케이블 관련이슈: ISS-2025-011 / Mirae EV Systems 센서 케이블 반복 클레임 Mirae EV Systems 관련 AP-SC-330 센서 케이블 업무 건으로 2025년 11월 17일 기준,2025-11-17T09:00:00,2026-06-01T09:00:00
DOC-0071,PROJ-001,품질 클레임 대응 회의록 - DOC-0071,02_raw_documents/meeting_notes/DOC-0071_meeting_notes_2025-11-04.md,품질 클레임 대응 회의록,2025-11-04,김도윤,운영총괄팀,ISS-2025-011,문서ID: DOC-0071 작성일: 2025-11-04 문서유형: 품질 클레임 대응 회의록 작성자: 김도윤 관련팀: 운영총괄팀 고객사: Mirae EV Systems 구매처: JST Components 품목: AP-SC-330 센서 케이블 관련이슈: ISS-2025-011 / Mirae EV Systems 센서 케이블 반복 클레임 Mirae EV Systems 관련 AP-SC-330 센서 케이블 업무 건으로 2025년 11월 ,2025-11-04T09:00:00,2026-06-01T09:00:00
DOC-0072,PROJ-001,인수인계 준비 회의록 - DOC-0072,02_raw_documents/meeting_notes/DOC-0072_meeting_notes_2025-11-27.md,인수인계 준비 회의록,2025-11-27,김도윤,운영총괄팀,ISS-2025-014,문서ID: DOC-0072 작성일: 2025-11-27 문서유형: 인수인계 준비 회의록 작성자: 김도윤 관련팀: 운영총괄팀 고객사: Mirae EV Systems 구매처: JST Components 품목: AP-SC-330 센서 케이블 관련이슈: ISS-2025-014 / JST Components 검사 성적서 보완 Mirae EV Systems 관련 AP-SC-330 센서 케이블 업무 건으로 2025년 11월 27일 기준 진,2025-11-27T09:00:00,2026-06-01T09:00:00
DOC-0073,PROJ-001,고객 불만 메일 - DOC-0073,02_raw_documents/sales_emails/DOC-0073_sales_emails_2025-12-11.md,고객 불만 메일,2025-12-11,이민재,영업관리팀,ISS-2025-012,문서ID: DOC-0073 작성일: 2025-12-11 문서유형: 고객 불만 메일 작성자: 이민재 관련팀: 영업관리팀 고객사: Hanil Motors 구매처: Yazaki Parts Asia 품목: AP-RL-450 릴레이 관련이슈: ISS-2025-012 / Yazaki Parts Asia 리드타임 8주에서 12주 증가 Hanil Motors 관련 AP-RL-450 릴레이 업무 건으로 2025년 12월 11일 기준 진행 상황,2025-12-11T09:00:00,2026-06-01T09:00:00
DOC-0074,PROJ-001,수출 고객 커뮤니케이션 메일 - DOC-0074,02_raw_documents/sales_emails/DOC-0074_sales_emails_2025-12-24.md,수출 고객 커뮤니케이션 메일,2025-12-24,정하늘,영업관리팀,ISS-2025-013,문서ID: DOC-0074 작성일: 2025-12-24 문서유형: 수출 고객 커뮤니케이션 메일 작성자: 정하늘 관련팀: 영업관리팀 고객사: Hyundai Mobis Tier2 구매처: KET Supplier 품목: AP-TM-118 터미널 관련이슈: ISS-2025-013 / KET Supplier 월말 입고 분할 Hyundai Mobis Tier2 관련 AP-TM-118 터미널 업무 건으로 2025년 12월 24일 기준 진행,2025-12-24T09:00:00,2026-06-01T09:00:00
DOC-0075,PROJ-001,개선대책 요청 - DOC-0075,02_raw_documents/quality_claims/DOC-0075_quality_claims_2025-12-29.md,개선대책 요청,2025-12-29,한지우,품질 클레임팀,ISS-2025-013,문서ID: DOC-0075 작성일: 2025-12-29 문서유형: 개선대책 요청 작성자: 한지우 관련팀: 품질 클레임팀 고객사: Hyundai Mobis Tier2 구매처: KET Supplier 품목: AP-TM-118 터미널 관련이슈: ISS-2025-013 / KET Supplier 월말 입고 분할 Hyundai Mobis Tier2 관련 AP-TM-118 터미널 업무 건으로 2025년 12월 29일 기준 진행 상황을 정,2025-12-29T09:00:00,2026-06-01T09:00:00
DOC-0076,PROJ-001,Blocked 상태 대화 - DOC-0076,02_raw_documents/chat_logs/DOC-0076_chat_logs_2025-12-05.md,Blocked 상태 대화,2025-12-05,이민재,영업관리팀,ISS-2025-011,문서ID: DOC-0076 작성일: 2025-12-05 문서유형: Blocked 상태 대화 작성자: 이민재 관련팀: 영업관리팀 고객사: Mirae EV Systems 구매처: JST Components 품목: AP-SC-330 센서 케이블 관련이슈: ISS-2025-011 / Mirae EV Systems 센서 케이블 반복 클레임 Mirae EV Systems 관련 AP-SC-330 센서 케이블 업무 건으로 2025년 12월 ,2025-12-05T09:00:00,2026-06-01T09:00:00
DOC-0077,PROJ-001,고객 불만 메일 - DOC-0077,02_raw_documents/sales_emails/DOC-0077_sales_emails_2025-12-13.md,고객 불만 메일,2025-12-13,박서연,영업관리팀,ISS-2025-012,문서ID: DOC-0077 작성일: 2025-12-13 문서유형: 고객 불만 메일 작성자: 박서연 관련팀: 영업관리팀 고객사: Hanil Motors 구매처: Yazaki Parts Asia 품목: AP-RL-450 릴레이 관련이슈: ISS-2025-012 / Yazaki Parts Asia 리드타임 8주에서 12주 증가 Hanil Motors 관련 AP-RL-450 릴레이 업무 건으로 2025년 12월 13일 기준 진행 상황,2025-12-13T09:00:00,2026-06-01T09:00:00
DOC-0078,PROJ-001,개선대책 요청 - DOC-0078,02_raw_documents/quality_claims/DOC-0078_quality_claims_2025-12-16.md,개선대책 요청,2025-12-16,배수민,품질 클레임팀,ISS-2025-013,문서ID: DOC-0078 작성일: 2025-12-16 문서유형: 개선대책 요청 작성자: 배수민 관련팀: 품질 클레임팀 고객사: Hyundai Mobis Tier2 구매처: KET Supplier 품목: AP-TM-118 터미널 관련이슈: ISS-2025-013 / KET Supplier 월말 입고 분할 Hyundai Mobis Tier2 관련 AP-TM-118 터미널 업무 건으로 2025년 12월 16일 기준 진행 상황을 정,2025-12-16T09:00:00,2026-06-01T09:00:00
DOC-0079,PROJ-001,출고 로그 - DOC-0079,02_raw_documents/logistics_logs/DOC-0079_logistics_logs_2025-12-24.md,출고 로그,2025-12-24,윤예린,물류팀,ISS-2025-012,문서ID: DOC-0079 작성일: 2025-12-24 문서유형: 출고 로그 작성자: 윤예린 관련팀: 물류팀 고객사: Hanil Motors 구매처: Yazaki Parts Asia 품목: AP-RL-450 릴레이 관련이슈: ISS-2025-012 / Yazaki Parts Asia 리드타임 8주에서 12주 증가 Hanil Motors 관련 AP-RL-450 릴레이 업무 건으로 2025년 12월 24일 기준 진행 상황을 정리합,2025-12-24T09:00:00,2026-06-01T09:00:00
DOC-0080,PROJ-001,팀장 승인 요청 대화 - DOC-0080,02_raw_documents/chat_logs/DOC-0080_chat_logs_2025-12-13.md,팀장 승인 요청 대화,2025-12-13,정하늘,영업관리팀,ISS-2025-012,문서ID: DOC-0080 작성일: 2025-12-13 문서유형: 팀장 승인 요청 대화 작성자: 정하늘 관련팀: 영업관리팀 고객사: Hanil Motors 구매처: Yazaki Parts Asia 품목: AP-RL-450 릴레이 관련이슈: ISS-2025-012 / Yazaki Parts Asia 리드타임 8주에서 12주 증가 Hanil Motors 관련 AP-RL-450 릴레이 업무 건으로 2025년 12월 13일 기준 진행,2025-12-13T09:00:00,2026-06-01T09:00:00
DOC-0081,PROJ-001,대체품 가능 여부 회신 - DOC-0081,02_raw_documents/purchase_emails/DOC-0081_purchase_emails_2025-12-24.md,대체품 가능 여부 회신,2025-12-24,오세진,구매팀,ISS-2025-012,문서ID: DOC-0081 작성일: 2025-12-24 문서유형: 대체품 가능 여부 회신 작성자: 오세진 관련팀: 구매팀 고객사: Hanil Motors 구매처: Yazaki Parts Asia 품목: AP-RL-450 릴레이 관련이슈: ISS-2025-012 / Yazaki Parts Asia 리드타임 8주에서 12주 증가 Hanil Motors 관련 AP-RL-450 릴레이 업무 건으로 2025년 12월 24일 기준 진행 ,2025-12-24T09:00:00,2026-06-01T09:00:00
DOC-0082,PROJ-001,주간 운영 회의록 - DOC-0082,02_raw_documents/meeting_notes/DOC-0082_meeting_notes_2025-12-24.md,주간 운영 회의록,2025-12-24,김도윤,운영총괄팀,ISS-2025-012,문서ID: DOC-0082 작성일: 2025-12-24 문서유형: 주간 운영 회의록 작성자: 김도윤 관련팀: 운영총괄팀 고객사: Hanil Motors 구매처: Yazaki Parts Asia 품목: AP-RL-450 릴레이 관련이슈: ISS-2025-012 / Yazaki Parts Asia 리드타임 8주에서 12주 증가 Hanil Motors 관련 AP-RL-450 릴레이 업무 건으로 2025년 12월 24일 기준 진행 상,2025-12-24T09:00:00,2026-06-01T09:00:00
DOC-0083,PROJ-001,고객 발주 메일 - DOC-0083,02_raw_documents/sales_emails/DOC-0083_sales_emails_2025-12-24.md,고객 발주 메일,2025-12-24,이민재,영업관리팀,ISS-2025-012,문서ID: DOC-0083 작성일: 2025-12-24 문서유형: 고객 발주 메일 작성자: 이민재 관련팀: 영업관리팀 고객사: Hanil Motors 구매처: Yazaki Parts Asia 품목: AP-RL-450 릴레이 관련이슈: ISS-2025-012 / Yazaki Parts Asia 리드타임 8주에서 12주 증가 Hanil Motors 관련 AP-RL-450 릴레이 업무 건으로 2025년 12월 24일 기준 진행 상황,2025-12-24T09:00:00,2026-06-01T09:00:00
DOC-0084,PROJ-001,긴급 항공 이송 승인 요청 - DOC-0084,02_raw_documents/logistics_logs/DOC-0084_logistics_logs_2025-12-29.md,긴급 항공 이송 승인 요청,2025-12-29,문태준,물류팀,ISS-2025-013,문서ID: DOC-0084 작성일: 2025-12-29 문서유형: 긴급 항공 이송 승인 요청 작성자: 문태준 관련팀: 물류팀 고객사: Hyundai Mobis Tier2 구매처: KET Supplier 품목: AP-TM-118 터미널 관련이슈: ISS-2025-013 / KET Supplier 월말 입고 분할 Hyundai Mobis Tier2 관련 AP-TM-118 터미널 업무 건으로 2025년 12월 29일 기준 진행 상황,2025-12-29T09:00:00,2026-06-01T09:00:00
DOC-0085,PROJ-001,고객 발주 메일 - DOC-0085,02_raw_documents/sales_emails/DOC-0085_sales_emails_2026-01-12.md,고객 발주 메일,2026-01-12,이민재,영업관리팀,ISS-2026-001,문서ID: DOC-0085 작성일: 2026-01-12 문서유형: 고객 발주 메일 작성자: 이민재 관련팀: 영업관리팀 고객사: Mirae EV Systems 구매처: JST Components 품목: AP-TM-118 터미널 관련이슈: ISS-2026-001 / 월초 재고 실사 차이 조정 Mirae EV Systems 관련 AP-TM-118 터미널 업무 건으로 2026년 01월 12일 기준 진행 상황을 정리합니다. 현재 확인된,2026-01-12T09:00:00,2026-06-01T09:00:00
DOC-0086,PROJ-001,단가 협상 메일 - DOC-0086,02_raw_documents/sales_emails/DOC-0086_sales_emails_2026-01-27.md,단가 협상 메일,2026-01-27,정하늘,영업관리팀,,문서ID: DOC-0086 작성일: 2026-01-27 문서유형: 단가 협상 메일 작성자: 정하늘 관련팀: 영업관리팀 고객사: Hyundai Mobis Tier2 구매처: TE Connectivity Korea 품목: AP-CB-510 케이블 어셈블리 관련이슈: 일반 운영 / 정기 운영 확인 Hyundai Mobis Tier2 관련 AP-CB-510 케이블 어셈블리 업무 건으로 2026년 01월 27일 기준 진행 상황을 정리합,2026-01-27T09:00:00,2026-06-01T09:00:00
DOC-0087,PROJ-001,긴급 항공 이송 승인 요청 - DOC-0087,02_raw_documents/logistics_logs/DOC-0087_logistics_logs_2026-01-20.md,긴급 항공 이송 승인 요청,2026-01-20,문태준,물류팀,,문서ID: DOC-0087 작성일: 2026-01-20 문서유형: 긴급 항공 이송 승인 요청 작성자: 문태준 관련팀: 물류팀 고객사: Hyundai Mobis Tier2 구매처: TE Connectivity Korea 품목: AP-CN-204 커넥터 관련이슈: 일반 운영 / 정기 운영 확인 Hyundai Mobis Tier2 관련 AP-CN-204 커넥터 업무 건으로 2026년 01월 20일 기준 진행 상황을 정리합니다. 현재,2026-01-20T09:00:00,2026-06-01T09:00:00
DOC-0088,PROJ-001,긴급 항공 이송 승인 요청 - DOC-0088,02_raw_documents/logistics_logs/DOC-0088_logistics_logs_2026-01-08.md,긴급 항공 이송 승인 요청,2026-01-08,윤예린,물류팀,ISS-2025-013,문서ID: DOC-0088 작성일: 2026-01-08 문서유형: 긴급 항공 이송 승인 요청 작성자: 윤예린 관련팀: 물류팀 고객사: Hyundai Mobis Tier2 구매처: KET Supplier 품목: AP-TM-118 터미널 관련이슈: ISS-2025-013 / KET Supplier 월말 입고 분할 Hyundai Mobis Tier2 관련 AP-TM-118 터미널 업무 건으로 2026년 01월 08일 기준 진행 상황,2026-01-08T09:00:00,2026-06-01T09:00:00
DOC-0089,PROJ-001,고객 회신 초안 - DOC-0089,02_raw_documents/quality_claims/DOC-0089_quality_claims_2026-01-05.md,고객 회신 초안,2026-01-05,배수민,품질 클레임팀,ISS-2026-001,문서ID: DOC-0089 작성일: 2026-01-05 문서유형: 고객 회신 초안 작성자: 배수민 관련팀: 품질 클레임팀 고객사: Global Harness Vietnam 구매처: TE Connectivity Korea 품목: AP-TM-118 터미널 관련이슈: ISS-2026-001 / 월초 재고 실사 차이 조정 Global Harness Vietnam 관련 AP-TM-118 터미널 업무 건으로 2026년 01월 05일 기준,2026-01-05T09:00:00,2026-06-01T09:00:00
DOC-0090,PROJ-001,클레임 접수표 - DOC-0090,02_raw_documents/quality_claims/DOC-0090_quality_claims_2026-01-17.md,클레임 접수표,2026-01-17,배수민,품질 클레임팀,ISS-2026-001,문서ID: DOC-0090 작성일: 2026-01-17 문서유형: 클레임 접수표 작성자: 배수민 관련팀: 품질 클레임팀 고객사: Mirae EV Systems 구매처: Yazaki Parts Asia 품목: AP-TM-118 터미널 관련이슈: ISS-2026-001 / 월초 재고 실사 차이 조정 Mirae EV Systems 관련 AP-TM-118 터미널 업무 건으로 2026년 01월 17일 기준 진행 상황을 정리합니다. 현재,2026-01-17T09:00:00,2026-06-01T09:00:00
DOC-0091,PROJ-001,단가 협상 회의록 - DOC-0091,02_raw_documents/meeting_notes/DOC-0091_meeting_notes_2026-01-27.md,단가 협상 회의록,2026-01-27,김도윤,운영총괄팀,,문서ID: DOC-0091 작성일: 2026-01-27 문서유형: 단가 협상 회의록 작성자: 김도윤 관련팀: 운영총괄팀 고객사: Hyundai Mobis Tier2 구매처: TE Connectivity Korea 품목: AP-WH-220 와이어하네스 관련이슈: 일반 운영 / 정기 운영 확인 Hyundai Mobis Tier2 관련 AP-WH-220 와이어하네스 업무 건으로 2026년 01월 27일 기준 진행 상황을 정리합니다.,2026-01-27T09:00:00,2026-06-01T09:00:00
DOC-0092,PROJ-001,개선대책 요청 - DOC-0092,02_raw_documents/quality_claims/DOC-0092_quality_claims_2026-01-14.md,개선대책 요청,2026-01-14,배수민,품질 클레임팀,ISS-2025-012,문서ID: DOC-0092 작성일: 2026-01-14 문서유형: 개선대책 요청 작성자: 배수민 관련팀: 품질 클레임팀 고객사: Hanil Motors 구매처: Yazaki Parts Asia 품목: AP-RL-450 릴레이 관련이슈: ISS-2025-012 / Yazaki Parts Asia 리드타임 8주에서 12주 증가 Hanil Motors 관련 AP-RL-450 릴레이 업무 건으로 2026년 01월 14일 기준 진행 상,2026-01-14T09:00:00,2026-06-01T09:00:00
DOC-0093,PROJ-001,클레임 접수표 - DOC-0093,02_raw_documents/quality_claims/DOC-0093_quality_claims_2026-01-12.md,클레임 접수표,2026-01-12,송태현,품질 클레임팀,ISS-2025-012,문서ID: DOC-0093 작성일: 2026-01-12 문서유형: 클레임 접수표 작성자: 송태현 관련팀: 품질 클레임팀 고객사: Hanil Motors 구매처: Yazaki Parts Asia 품목: AP-RL-450 릴레이 관련이슈: ISS-2025-012 / Yazaki Parts Asia 리드타임 8주에서 12주 증가 Hanil Motors 관련 AP-RL-450 릴레이 업무 건으로 2026년 01월 12일 기준 진행 상,2026-01-12T09:00:00,2026-06-01T09:00:00
DOC-0094,PROJ-001,구매처 견적 회신 - DOC-0094,02_raw_documents/purchase_emails/DOC-0094_purchase_emails_2026-01-29.md,구매처 견적 회신,2026-01-29,강민호,구매팀,,문서ID: DOC-0094 작성일: 2026-01-29 문서유형: 구매처 견적 회신 작성자: 강민호 관련팀: 구매팀 고객사: Daesung Automotive 구매처: Local Cable Works 품목: AP-SC-330 센서 케이블 관련이슈: 일반 운영 / 정기 운영 확인 Daesung Automotive 관련 AP-SC-330 센서 케이블 업무 건으로 2026년 01월 29일 기준 진행 상황을 정리합니다. 현재 확인된 ,2026-01-29T09:00:00,2026-06-01T09:00:00
DOC-0095,PROJ-001,배송 지연 기록 - DOC-0095,02_raw_documents/logistics_logs/DOC-0095_logistics_logs_2026-01-17.md,배송 지연 기록,2026-01-17,문태준,물류팀,ISS-2026-001,문서ID: DOC-0095 작성일: 2026-01-17 문서유형: 배송 지연 기록 작성자: 문태준 관련팀: 물류팀 고객사: Hyundai Mobis Tier2 구매처: TE Connectivity Korea 품목: AP-TM-118 터미널 관련이슈: ISS-2026-001 / 월초 재고 실사 차이 조정 Hyundai Mobis Tier2 관련 AP-TM-118 터미널 업무 건으로 2026년 01월 17일 기준 진행 상황을 정리,2026-01-17T09:00:00,2026-06-01T09:00:00
DOC-0096,PROJ-001,월간 리스크 회의록 - DOC-0096,02_raw_documents/meeting_notes/DOC-0096_meeting_notes_2026-01-12.md,월간 리스크 회의록,2026-01-12,김도윤,운영총괄팀,ISS-2025-012,문서ID: DOC-0096 작성일: 2026-01-12 문서유형: 월간 리스크 회의록 작성자: 김도윤 관련팀: 운영총괄팀 고객사: Hanil Motors 구매처: Yazaki Parts Asia 품목: AP-RL-450 릴레이 관련이슈: ISS-2025-012 / Yazaki Parts Asia 리드타임 8주에서 12주 증가 Hanil Motors 관련 AP-RL-450 릴레이 업무 건으로 2026년 01월 12일 기준 진행 ,2026-01-12T09:00:00,2026-06-01T09:00:00
DOC-0097,PROJ-001,고객 불만 메일 - DOC-0097,02_raw_documents/sales_emails/DOC-0097_sales_emails_2026-02-26.md,고객 불만 메일,2026-02-26,정하늘,영업관리팀,,"문서ID: DOC-0097 작성일: 2026-02-26 문서유형: 고객 불만 메일 작성자: 정하늘 관련팀: 영업관리팀 고객사: Mirae EV Systems 구매처: Yazaki Parts Asia 품목: AP-RL-450 릴레이 관련이슈: 일반 운영 / 정기 운영 확인 Mirae EV Systems 관련 AP-RL-450 릴레이 업무 건으로 2026년 02월 26일 기준 진행 상황을 정리합니다. 현재 확인된 수량은 1,200",2026-02-26T09:00:00,2026-06-01T09:00:00
DOC-0098,PROJ-001,고객 불만 메일 - DOC-0098,02_raw_documents/sales_emails/DOC-0098_sales_emails_2026-02-20.md,고객 불만 메일,2026-02-20,이민재,영업관리팀,ISS-2026-002,문서ID: DOC-0098 작성일: 2026-02-20 문서유형: 고객 불만 메일 작성자: 이민재 관련팀: 영업관리팀 고객사: Hyundai Mobis Tier2 구매처: KET Supplier 품목: AP-TM-118 터미널 관련이슈: ISS-2026-002 / Hyundai Mobis Tier2 긴급 항공 이송 Hyundai Mobis Tier2 관련 AP-TM-118 터미널 업무 건으로 2026년 02월 20일 기준 진행,2026-02-20T09:00:00,2026-06-01T09:00:00
DOC-0099,PROJ-001,개선대책 요청 - DOC-0099,02_raw_documents/quality_claims/DOC-0099_quality_claims_2026-02-26.md,개선대책 요청,2026-02-26,한지우,품질 클레임팀,,문서ID: DOC-0099 작성일: 2026-02-26 문서유형: 개선대책 요청 작성자: 한지우 관련팀: 품질 클레임팀 고객사: Global Harness Vietnam 구매처: Yazaki Parts Asia 품목: AP-SC-330 센서 케이블 관련이슈: 일반 운영 / 정기 운영 확인 Global Harness Vietnam 관련 AP-SC-330 센서 케이블 업무 건으로 2026년 02월 26일 기준 진행 상황을 정리합니,2026-02-26T09:00:00,2026-06-01T09:00:00
DOC-0100,PROJ-001,월간 리스크 회의록 - DOC-0100,02_raw_documents/meeting_notes/DOC-0100_meeting_notes_2026-02-17.md,월간 리스크 회의록,2026-02-17,김도윤,운영총괄팀,ISS-2026-002,문서ID: DOC-0100 작성일: 2026-02-17 문서유형: 월간 리스크 회의록 작성자: 김도윤 관련팀: 운영총괄팀 고객사: Hyundai Mobis Tier2 구매처: KET Supplier 품목: AP-TM-118 터미널 관련이슈: ISS-2026-002 / Hyundai Mobis Tier2 긴급 항공 이송 Hyundai Mobis Tier2 관련 AP-TM-118 터미널 업무 건으로 2026년 02월 17일 기준 ,2026-02-17T09:00:00,2026-06-01T09:00:00
DOC-0101,PROJ-001,월간 리스크 회의록 - DOC-0101,02_raw_documents/meeting_notes/DOC-0101_meeting_notes_2026-02-24.md,월간 리스크 회의록,2026-02-24,김도윤,운영총괄팀,ISS-2026-002,문서ID: DOC-0101 작성일: 2026-02-24 문서유형: 월간 리스크 회의록 작성자: 김도윤 관련팀: 운영총괄팀 고객사: Hyundai Mobis Tier2 구매처: KET Supplier 품목: AP-TM-118 터미널 관련이슈: ISS-2026-002 / Hyundai Mobis Tier2 긴급 항공 이송 Hyundai Mobis Tier2 관련 AP-TM-118 터미널 업무 건으로 2026년 02월 24일 기준 ,2026-02-24T09:00:00,2026-06-01T09:00:00
DOC-0102,PROJ-001,팀 내부 진행 대화 - DOC-0102,02_raw_documents/chat_logs/DOC-0102_chat_logs_2026-02-14.md,팀 내부 진행 대화,2026-02-14,정하늘,영업관리팀,ISS-2026-002,문서ID: DOC-0102 작성일: 2026-02-14 문서유형: 팀 내부 진행 대화 작성자: 정하늘 관련팀: 영업관리팀 고객사: Hyundai Mobis Tier2 구매처: KET Supplier 품목: AP-TM-118 터미널 관련이슈: ISS-2026-002 / Hyundai Mobis Tier2 긴급 항공 이송 Hyundai Mobis Tier2 관련 AP-TM-118 터미널 업무 건으로 2026년 02월 14일 기준 ,2026-02-14T09:00:00,2026-06-01T09:00:00
DOC-0103,PROJ-001,긴급 항공 이송 승인 요청 - DOC-0103,02_raw_documents/logistics_logs/DOC-0103_logistics_logs_2026-02-14.md,긴급 항공 이송 승인 요청,2026-02-14,권재윤,물류팀,ISS-2026-002,문서ID: DOC-0103 작성일: 2026-02-14 문서유형: 긴급 항공 이송 승인 요청 작성자: 권재윤 관련팀: 물류팀 고객사: Hyundai Mobis Tier2 구매처: KET Supplier 품목: AP-TM-118 터미널 관련이슈: ISS-2026-002 / Hyundai Mobis Tier2 긴급 항공 이송 Hyundai Mobis Tier2 관련 AP-TM-118 터미널 업무 건으로 2026년 02월 14일 기,2026-02-14T09:00:00,2026-06-01T09:00:00
DOC-0104,PROJ-001,품질 클레임 대응 회의록 - DOC-0104,02_raw_documents/meeting_notes/DOC-0104_meeting_notes_2026-02-14.md,품질 클레임 대응 회의록,2026-02-14,김도윤,운영총괄팀,ISS-2026-002,문서ID: DOC-0104 작성일: 2026-02-14 문서유형: 품질 클레임 대응 회의록 작성자: 김도윤 관련팀: 운영총괄팀 고객사: Hyundai Mobis Tier2 구매처: KET Supplier 품목: AP-TM-118 터미널 관련이슈: ISS-2026-002 / Hyundai Mobis Tier2 긴급 항공 이송 Hyundai Mobis Tier2 관련 AP-TM-118 터미널 업무 건으로 2026년 02월 14일 ,2026-02-14T09:00:00,2026-06-01T09:00:00
DOC-0105,PROJ-001,주간 운영 회의록 - DOC-0105,02_raw_documents/meeting_notes/DOC-0105_meeting_notes_2026-02-11.md,주간 운영 회의록,2026-02-11,김도윤,운영총괄팀,ISS-2026-002,문서ID: DOC-0105 작성일: 2026-02-11 문서유형: 주간 운영 회의록 작성자: 김도윤 관련팀: 운영총괄팀 고객사: Hyundai Mobis Tier2 구매처: KET Supplier 품목: AP-TM-118 터미널 관련이슈: ISS-2026-002 / Hyundai Mobis Tier2 긴급 항공 이송 Hyundai Mobis Tier2 관련 AP-TM-118 터미널 업무 건으로 2026년 02월 11일 기준 진,2026-02-11T09:00:00,2026-06-01T09:00:00
DOC-0106,PROJ-001,단가 협상 회의록 - DOC-0106,02_raw_documents/meeting_notes/DOC-0106_meeting_notes_2026-02-17.md,단가 협상 회의록,2026-02-17,김도윤,운영총괄팀,ISS-2026-002,문서ID: DOC-0106 작성일: 2026-02-17 문서유형: 단가 협상 회의록 작성자: 김도윤 관련팀: 운영총괄팀 고객사: Hyundai Mobis Tier2 구매처: KET Supplier 품목: AP-TM-118 터미널 관련이슈: ISS-2026-002 / Hyundai Mobis Tier2 긴급 항공 이송 Hyundai Mobis Tier2 관련 AP-TM-118 터미널 업무 건으로 2026년 02월 17일 기준 진,2026-02-17T09:00:00,2026-06-01T09:00:00
DOC-0107,PROJ-001,배송 지연 기록 - DOC-0107,02_raw_documents/logistics_logs/DOC-0107_logistics_logs_2026-02-04.md,배송 지연 기록,2026-02-04,권재윤,물류팀,ISS-2026-002,문서ID: DOC-0107 작성일: 2026-02-04 문서유형: 배송 지연 기록 작성자: 권재윤 관련팀: 물류팀 고객사: Hyundai Mobis Tier2 구매처: KET Supplier 품목: AP-TM-118 터미널 관련이슈: ISS-2026-002 / Hyundai Mobis Tier2 긴급 항공 이송 Hyundai Mobis Tier2 관련 AP-TM-118 터미널 업무 건으로 2026년 02월 04일 기준 진행 상,2026-02-04T09:00:00,2026-06-01T09:00:00
DOC-0108,PROJ-001,클레임 접수표 - DOC-0108,02_raw_documents/quality_claims/DOC-0108_quality_claims_2026-02-07.md,클레임 접수표,2026-02-07,송태현,품질 클레임팀,ISS-2026-002,문서ID: DOC-0108 작성일: 2026-02-07 문서유형: 클레임 접수표 작성자: 송태현 관련팀: 품질 클레임팀 고객사: Hyundai Mobis Tier2 구매처: KET Supplier 품목: AP-TM-118 터미널 관련이슈: ISS-2026-002 / Hyundai Mobis Tier2 긴급 항공 이송 Hyundai Mobis Tier2 관련 AP-TM-118 터미널 업무 건으로 2026년 02월 07일 기준 진,2026-02-07T09:00:00,2026-06-01T09:00:00
DOC-0109,PROJ-001,고객 불만 메일 - DOC-0109,02_raw_documents/sales_emails/DOC-0109_sales_emails_2026-03-31.md,고객 불만 메일,2026-03-31,박서연,영업관리팀,ISS-2026-008,문서ID: DOC-0109 작성일: 2026-03-31 문서유형: 고객 불만 메일 작성자: 박서연 관련팀: 영업관리팀 고객사: Daesung Automotive 구매처: TE Connectivity Korea 품목: AP-CN-204 커넥터 관련이슈: ISS-2026-008 / Daesung Automotive 신규 안전재고 기준 협의 Daesung Automotive 관련 AP-CN-204 커넥터 업무 건으로 2026년 03,2026-03-31T09:00:00,2026-06-01T09:00:00
DOC-0110,PROJ-001,개선대책 요청 - DOC-0110,02_raw_documents/quality_claims/DOC-0110_quality_claims_2026-03-08.md,개선대책 요청,2026-03-08,한지우,품질 클레임팀,ISS-2026-003,문서ID: DOC-0110 작성일: 2026-03-08 문서유형: 개선대책 요청 작성자: 한지우 관련팀: 품질 클레임팀 고객사: Mirae EV Systems 구매처: JST Components 품목: AP-SC-330 센서 케이블 관련이슈: ISS-2026-003 / Mirae EV Systems 개선대책 회신 지연 Mirae EV Systems 관련 AP-SC-330 센서 케이블 업무 건으로 2026년 03월 08일 기준 ,2026-03-08T09:00:00,2026-06-01T09:00:00
DOC-0111,PROJ-001,단가 협상 회의록 - DOC-0111,02_raw_documents/meeting_notes/DOC-0111_meeting_notes_2026-03-28.md,단가 협상 회의록,2026-03-28,김도윤,운영총괄팀,ISS-2026-008,문서ID: DOC-0111 작성일: 2026-03-28 문서유형: 단가 협상 회의록 작성자: 김도윤 관련팀: 운영총괄팀 고객사: Daesung Automotive 구매처: TE Connectivity Korea 품목: AP-CN-204 커넥터 관련이슈: ISS-2026-008 / Daesung Automotive 신규 안전재고 기준 협의 Daesung Automotive 관련 AP-CN-204 커넥터 업무 건으로 2026년 0,2026-03-28T09:00:00,2026-06-01T09:00:00
DOC-0112,PROJ-001,담당자 확인 요청 - DOC-0112,02_raw_documents/chat_logs/DOC-0112_chat_logs_2026-03-20.md,담당자 확인 요청,2026-03-20,이민재,영업관리팀,ISS-2026-003,문서ID: DOC-0112 작성일: 2026-03-20 문서유형: 담당자 확인 요청 작성자: 이민재 관련팀: 영업관리팀 고객사: Mirae EV Systems 구매처: JST Components 품목: AP-SC-330 센서 케이블 관련이슈: ISS-2026-003 / Mirae EV Systems 개선대책 회신 지연 Mirae EV Systems 관련 AP-SC-330 센서 케이블 업무 건으로 2026년 03월 20일 기준 ,2026-03-20T09:00:00,2026-06-01T09:00:00
DOC-0113,PROJ-001,품질 클레임 대응 회의록 - DOC-0113,02_raw_documents/meeting_notes/DOC-0113_meeting_notes_2026-03-01.md,품질 클레임 대응 회의록,2026-03-01,김도윤,운영총괄팀,ISS-2026-003,문서ID: DOC-0113 작성일: 2026-03-01 문서유형: 품질 클레임 대응 회의록 작성자: 김도윤 관련팀: 운영총괄팀 고객사: Mirae EV Systems 구매처: JST Components 품목: AP-SC-330 센서 케이블 관련이슈: ISS-2026-003 / Mirae EV Systems 개선대책 회신 지연 Mirae EV Systems 관련 AP-SC-330 센서 케이블 업무 건으로 2026년 03월 01일,2026-03-01T09:00:00,2026-06-01T09:00:00
DOC-0114,PROJ-001,긴급 항공 이송 승인 요청 - DOC-0114,02_raw_documents/logistics_logs/DOC-0114_logistics_logs_2026-03-12.md,긴급 항공 이송 승인 요청,2026-03-12,문태준,물류팀,ISS-2026-003,문서ID: DOC-0114 작성일: 2026-03-12 문서유형: 긴급 항공 이송 승인 요청 작성자: 문태준 관련팀: 물류팀 고객사: Mirae EV Systems 구매처: JST Components 품목: AP-SC-330 센서 케이블 관련이슈: ISS-2026-003 / Mirae EV Systems 개선대책 회신 지연 Mirae EV Systems 관련 AP-SC-330 센서 케이블 업무 건으로 2026년 03월 12일 ,2026-03-12T09:00:00,2026-06-01T09:00:00
DOC-0115,PROJ-001,고객 불만 메일 - DOC-0115,02_raw_documents/sales_emails/DOC-0115_sales_emails_2026-03-20.md,고객 불만 메일,2026-03-20,이민재,영업관리팀,ISS-2026-008,문서ID: DOC-0115 작성일: 2026-03-20 문서유형: 고객 불만 메일 작성자: 이민재 관련팀: 영업관리팀 고객사: Daesung Automotive 구매처: TE Connectivity Korea 품목: AP-CN-204 커넥터 관련이슈: ISS-2026-008 / Daesung Automotive 신규 안전재고 기준 협의 Daesung Automotive 관련 AP-CN-204 커넥터 업무 건으로 2026년 03,2026-03-20T09:00:00,2026-06-01T09:00:00
DOC-0116,PROJ-001,팀 내부 진행 대화 - DOC-0116,02_raw_documents/chat_logs/DOC-0116_chat_logs_2026-03-31.md,팀 내부 진행 대화,2026-03-31,이민재,영업관리팀,ISS-2026-004,문서ID: DOC-0116 작성일: 2026-03-31 문서유형: 팀 내부 진행 대화 작성자: 이민재 관련팀: 영업관리팀 고객사: Daesung Automotive 구매처: TE Connectivity Korea 품목: AP-CN-204 커넥터 관련이슈: ISS-2026-004 / TE Connectivity Korea 단가 7% 인상 통보 Daesung Automotive 관련 AP-CN-204 커넥터 업무 건으로 2026년,2026-03-31T09:00:00,2026-06-01T09:00:00
DOC-0117,PROJ-001,담당자 확인 요청 - DOC-0117,02_raw_documents/chat_logs/DOC-0117_chat_logs_2026-03-26.md,담당자 확인 요청,2026-03-26,정하늘,영업관리팀,ISS-2026-008,문서ID: DOC-0117 작성일: 2026-03-26 문서유형: 담당자 확인 요청 작성자: 정하늘 관련팀: 영업관리팀 고객사: Daesung Automotive 구매처: TE Connectivity Korea 품목: AP-CN-204 커넥터 관련이슈: ISS-2026-008 / Daesung Automotive 신규 안전재고 기준 협의 Daesung Automotive 관련 AP-CN-204 커넥터 업무 건으로 2026년 0,2026-03-26T09:00:00,2026-06-01T09:00:00
DOC-0118,PROJ-001,고객 납기 문의 - DOC-0118,02_raw_documents/sales_emails/DOC-0118_sales_emails_2026-03-26.md,고객 납기 문의,2026-03-26,이민재,영업관리팀,ISS-2026-008,문서ID: DOC-0118 작성일: 2026-03-26 문서유형: 고객 납기 문의 작성자: 이민재 관련팀: 영업관리팀 고객사: Daesung Automotive 구매처: TE Connectivity Korea 품목: AP-CN-204 커넥터 관련이슈: ISS-2026-008 / Daesung Automotive 신규 안전재고 기준 협의 Daesung Automotive 관련 AP-CN-204 커넥터 업무 건으로 2026년 03,2026-03-26T09:00:00,2026-06-01T09:00:00
DOC-0119,PROJ-001,고객 납기 문의 - DOC-0119,02_raw_documents/sales_emails/DOC-0119_sales_emails_2026-03-20.md,고객 납기 문의,2026-03-20,박서연,영업관리팀,ISS-2026-008,문서ID: DOC-0119 작성일: 2026-03-20 문서유형: 고객 납기 문의 작성자: 박서연 관련팀: 영업관리팀 고객사: Daesung Automotive 구매처: TE Connectivity Korea 품목: AP-CN-204 커넥터 관련이슈: ISS-2026-008 / Daesung Automotive 신규 안전재고 기준 협의 Daesung Automotive 관련 AP-CN-204 커넥터 업무 건으로 2026년 03,2026-03-20T09:00:00,2026-06-01T09:00:00
DOC-0120,PROJ-001,입고 로그 - DOC-0120,02_raw_documents/logistics_logs/DOC-0120_logistics_logs_2026-03-01.md,입고 로그,2026-03-01,권재윤,물류팀,ISS-2026-003,문서ID: DOC-0120 작성일: 2026-03-01 문서유형: 입고 로그 작성자: 권재윤 관련팀: 물류팀 고객사: Mirae EV Systems 구매처: JST Components 품목: AP-SC-330 센서 케이블 관련이슈: ISS-2026-003 / Mirae EV Systems 개선대책 회신 지연 Mirae EV Systems 관련 AP-SC-330 센서 케이블 업무 건으로 2026년 03월 01일 기준 진행 상황을,2026-03-01T09:00:00,2026-06-01T09:00:00
DOC-0121,PROJ-001,출고 로그 - DOC-0121,02_raw_documents/logistics_logs/DOC-0121_logistics_logs_2026-04-13.md,출고 로그,2026-04-13,권재윤,물류팀,ISS-2026-004,문서ID: DOC-0121 작성일: 2026-04-13 문서유형: 출고 로그 작성자: 권재윤 관련팀: 물류팀 고객사: Daesung Automotive 구매처: TE Connectivity Korea 품목: AP-CN-204 커넥터 관련이슈: ISS-2026-004 / TE Connectivity Korea 단가 7% 인상 통보 Daesung Automotive 관련 AP-CN-204 커넥터 업무 건으로 2026년 04월 13,2026-04-13T09:00:00,2026-06-01T09:00:00
DOC-0122,PROJ-001,배송 지연 기록 - DOC-0122,02_raw_documents/logistics_logs/DOC-0122_logistics_logs_2026-04-13.md,배송 지연 기록,2026-04-13,권재윤,물류팀,ISS-2026-008,문서ID: DOC-0122 작성일: 2026-04-13 문서유형: 배송 지연 기록 작성자: 권재윤 관련팀: 물류팀 고객사: Daesung Automotive 구매처: TE Connectivity Korea 품목: AP-CN-204 커넥터 관련이슈: ISS-2026-008 / Daesung Automotive 신규 안전재고 기준 협의 Daesung Automotive 관련 AP-CN-204 커넥터 업무 건으로 2026년 04월 ,2026-04-13T09:00:00,2026-06-01T09:00:00
DOC-0123,PROJ-001,수출 고객 커뮤니케이션 메일 - DOC-0123,02_raw_documents/sales_emails/DOC-0123_sales_emails_2026-04-08.md,수출 고객 커뮤니케이션 메일,2026-04-08,정하늘,영업관리팀,ISS-2026-004,문서ID: DOC-0123 작성일: 2026-04-08 문서유형: 수출 고객 커뮤니케이션 메일 작성자: 정하늘 관련팀: 영업관리팀 고객사: Daesung Automotive 구매처: TE Connectivity Korea 품목: AP-CN-204 커넥터 관련이슈: ISS-2026-004 / TE Connectivity Korea 단가 7% 인상 통보 Daesung Automotive 관련 AP-CN-204 커넥터 업무 건으로 ,2026-04-08T09:00:00,2026-06-01T09:00:00
DOC-0124,PROJ-001,팀 내부 진행 대화 - DOC-0124,02_raw_documents/chat_logs/DOC-0124_chat_logs_2026-04-20.md,팀 내부 진행 대화,2026-04-20,정하늘,영업관리팀,ISS-2026-009,문서ID: DOC-0124 작성일: 2026-04-20 문서유형: 팀 내부 진행 대화 작성자: 정하늘 관련팀: 영업관리팀 고객사: Global Harness Vietnam 구매처: TE Connectivity Korea 품목: AP-CB-510 케이블 어셈블리 관련이슈: ISS-2026-009 / 분기 공급사 평가 자료 취합 Global Harness Vietnam 관련 AP-CB-510 케이블 어셈블리 업무 건으로 2026년,2026-04-20T09:00:00,2026-06-01T09:00:00
DOC-0125,PROJ-001,단가 협상 회의록 - DOC-0125,02_raw_documents/meeting_notes/DOC-0125_meeting_notes_2026-04-23.md,단가 협상 회의록,2026-04-23,김도윤,운영총괄팀,ISS-2026-004,문서ID: DOC-0125 작성일: 2026-04-23 문서유형: 단가 협상 회의록 작성자: 김도윤 관련팀: 운영총괄팀 고객사: Daesung Automotive 구매처: TE Connectivity Korea 품목: AP-CN-204 커넥터 관련이슈: ISS-2026-004 / TE Connectivity Korea 단가 7% 인상 통보 Daesung Automotive 관련 AP-CN-204 커넥터 업무 건으로 2026년 ,2026-04-23T09:00:00,2026-06-01T09:00:00
DOC-0126,PROJ-001,고객 회신 초안 - DOC-0126,02_raw_documents/quality_claims/DOC-0126_quality_claims_2026-04-18.md,고객 회신 초안,2026-04-18,한지우,품질 클레임팀,ISS-2026-004,문서ID: DOC-0126 작성일: 2026-04-18 문서유형: 고객 회신 초안 작성자: 한지우 관련팀: 품질 클레임팀 고객사: Daesung Automotive 구매처: TE Connectivity Korea 품목: AP-CN-204 커넥터 관련이슈: ISS-2026-004 / TE Connectivity Korea 단가 7% 인상 통보 Daesung Automotive 관련 AP-CN-204 커넥터 업무 건으로 2026년,2026-04-18T09:00:00,2026-06-01T09:00:00
DOC-0127,PROJ-001,팀장 승인 요청 대화 - DOC-0127,02_raw_documents/chat_logs/DOC-0127_chat_logs_2026-04-20.md,팀장 승인 요청 대화,2026-04-20,이민재,영업관리팀,ISS-2026-004,문서ID: DOC-0127 작성일: 2026-04-20 문서유형: 팀장 승인 요청 대화 작성자: 이민재 관련팀: 영업관리팀 고객사: Daesung Automotive 구매처: TE Connectivity Korea 품목: AP-CN-204 커넥터 관련이슈: ISS-2026-004 / TE Connectivity Korea 단가 7% 인상 통보 Daesung Automotive 관련 AP-CN-204 커넥터 업무 건으로 2026,2026-04-20T09:00:00,2026-06-01T09:00:00
DOC-0128,PROJ-001,고객 불만 메일 - DOC-0128,02_raw_documents/sales_emails/DOC-0128_sales_emails_2026-04-08.md,고객 불만 메일,2026-04-08,정하늘,영업관리팀,ISS-2026-004,문서ID: DOC-0128 작성일: 2026-04-08 문서유형: 고객 불만 메일 작성자: 정하늘 관련팀: 영업관리팀 고객사: Daesung Automotive 구매처: TE Connectivity Korea 품목: AP-CN-204 커넥터 관련이슈: ISS-2026-004 / TE Connectivity Korea 단가 7% 인상 통보 Daesung Automotive 관련 AP-CN-204 커넥터 업무 건으로 2026년 0,2026-04-08T09:00:00,2026-06-01T09:00:00
DOC-0129,PROJ-001,인수인계 준비 회의록 - DOC-0129,02_raw_documents/meeting_notes/DOC-0129_meeting_notes_2026-04-11.md,인수인계 준비 회의록,2026-04-11,김도윤,운영총괄팀,ISS-2026-004,문서ID: DOC-0129 작성일: 2026-04-11 문서유형: 인수인계 준비 회의록 작성자: 김도윤 관련팀: 운영총괄팀 고객사: Daesung Automotive 구매처: TE Connectivity Korea 품목: AP-CN-204 커넥터 관련이슈: ISS-2026-004 / TE Connectivity Korea 단가 7% 인상 통보 Daesung Automotive 관련 AP-CN-204 커넥터 업무 건으로 2026,2026-04-11T09:00:00,2026-06-01T09:00:00
DOC-0130,PROJ-001,담당자 확인 요청 - DOC-0130,02_raw_documents/chat_logs/DOC-0130_chat_logs_2026-04-11.md,담당자 확인 요청,2026-04-11,박서연,영업관리팀,ISS-2026-004,문서ID: DOC-0130 작성일: 2026-04-11 문서유형: 담당자 확인 요청 작성자: 박서연 관련팀: 영업관리팀 고객사: Daesung Automotive 구매처: TE Connectivity Korea 품목: AP-CN-204 커넥터 관련이슈: ISS-2026-004 / TE Connectivity Korea 단가 7% 인상 통보 Daesung Automotive 관련 AP-CN-204 커넥터 업무 건으로 2026년 ,2026-04-11T09:00:00,2026-06-01T09:00:00
DOC-0131,PROJ-001,월간 리스크 회의록 - DOC-0131,02_raw_documents/meeting_notes/DOC-0131_meeting_notes_2026-04-13.md,월간 리스크 회의록,2026-04-13,김도윤,운영총괄팀,ISS-2026-004,문서ID: DOC-0131 작성일: 2026-04-13 문서유형: 월간 리스크 회의록 작성자: 김도윤 관련팀: 운영총괄팀 고객사: Daesung Automotive 구매처: TE Connectivity Korea 품목: AP-CN-204 커넥터 관련이슈: ISS-2026-004 / TE Connectivity Korea 단가 7% 인상 통보 Daesung Automotive 관련 AP-CN-204 커넥터 업무 건으로 2026년,2026-04-13T09:00:00,2026-06-01T09:00:00
DOC-0132,PROJ-001,리드타임 변경 공지 - DOC-0132,02_raw_documents/purchase_emails/DOC-0132_purchase_emails_2026-04-26.md,리드타임 변경 공지,2026-04-26,강민호,구매팀,ISS-2026-004,문서ID: DOC-0132 작성일: 2026-04-26 문서유형: 리드타임 변경 공지 작성자: 강민호 관련팀: 구매팀 고객사: Daesung Automotive 구매처: TE Connectivity Korea 품목: AP-CN-204 커넥터 관련이슈: ISS-2026-004 / TE Connectivity Korea 단가 7% 인상 통보 Daesung Automotive 관련 AP-CN-204 커넥터 업무 건으로 2026년 0,2026-04-26T09:00:00,2026-06-01T09:00:00
DOC-0133,PROJ-001,품질 클레임 대응 회의록 - DOC-0133,02_raw_documents/meeting_notes/DOC-0133_meeting_notes_2026-05-23.md,품질 클레임 대응 회의록,2026-05-23,김도윤,운영총괄팀,ISS-2026-005,문서ID: DOC-0133 작성일: 2026-05-23 문서유형: 품질 클레임 대응 회의록 작성자: 김도윤 관련팀: 운영총괄팀 고객사: Hyundai Mobis Tier2 구매처: TE Connectivity Korea 품목: AP-CN-204 커넥터 관련이슈: ISS-2026-005 / 박서연 담당 고객 인수인계 준비 Hyundai Mobis Tier2 관련 AP-CN-204 커넥터 업무 건으로 2026년 05월 23일 기준,2026-05-23T09:00:00,2026-06-01T09:00:00
DOC-0134,PROJ-001,Blocked 상태 대화 - DOC-0134,02_raw_documents/chat_logs/DOC-0134_chat_logs_2026-05-15.md,Blocked 상태 대화,2026-05-15,정하늘,영업관리팀,ISS-2026-005,문서ID: DOC-0134 작성일: 2026-05-15 문서유형: Blocked 상태 대화 작성자: 정하늘 관련팀: 영업관리팀 고객사: Hyundai Mobis Tier2 구매처: TE Connectivity Korea 품목: AP-CN-204 커넥터 관련이슈: ISS-2026-005 / 박서연 담당 고객 인수인계 준비 Hyundai Mobis Tier2 관련 AP-CN-204 커넥터 업무 건으로 2026년 05월 15일 기준,2026-05-15T09:00:00,2026-06-01T09:00:00
DOC-0135,PROJ-001,입고 로그 - DOC-0135,02_raw_documents/logistics_logs/DOC-0135_logistics_logs_2026-05-30.md,입고 로그,2026-05-30,권재윤,물류팀,ISS-2026-007,문서ID: DOC-0135 작성일: 2026-05-30 문서유형: 입고 로그 작성자: 권재윤 관련팀: 물류팀 고객사: Hyundai Mobis Tier2 구매처: KET Supplier 품목: AP-TM-118 터미널 관련이슈: ISS-2026-007 / 고객별 월간 리스크 태그 정리 Hyundai Mobis Tier2 관련 AP-TM-118 터미널 업무 건으로 2026년 05월 30일 기준 진행 상황을 정리합니다. 현재 확인,2026-05-30T09:00:00,2026-06-01T09:00:00
DOC-0136,PROJ-001,고객 회신 초안 - DOC-0136,02_raw_documents/quality_claims/DOC-0136_quality_claims_2026-05-30.md,고객 회신 초안,2026-05-30,배수민,품질 클레임팀,ISS-2026-006,문서ID: DOC-0136 작성일: 2026-05-30 문서유형: 고객 회신 초안 작성자: 배수민 관련팀: 품질 클레임팀 고객사: Global Harness Vietnam 구매처: Local Cable Works 품목: AP-CB-510 케이블 어셈블리 관련이슈: ISS-2026-006 / Vietnam향 포장 라벨 문구 수정 Global Harness Vietnam 관련 AP-CB-510 케이블 어셈블리 업무 건으로 2026,2026-05-30T09:00:00,2026-06-01T09:00:00
DOC-0137,PROJ-001,개선대책 요청 - DOC-0137,02_raw_documents/quality_claims/DOC-0137_quality_claims_2026-05-30.md,개선대책 요청,2026-05-30,한지우,품질 클레임팀,ISS-2026-005,문서ID: DOC-0137 작성일: 2026-05-30 문서유형: 개선대책 요청 작성자: 한지우 관련팀: 품질 클레임팀 고객사: Hyundai Mobis Tier2 구매처: TE Connectivity Korea 품목: AP-CN-204 커넥터 관련이슈: ISS-2026-005 / 박서연 담당 고객 인수인계 준비 Hyundai Mobis Tier2 관련 AP-CN-204 커넥터 업무 건으로 2026년 05월 30일 기준 진행 ,2026-05-30T09:00:00,2026-06-01T09:00:00
DOC-0138,PROJ-001,클레임 접수표 - DOC-0138,02_raw_documents/quality_claims/DOC-0138_quality_claims_2026-05-15.md,클레임 접수표,2026-05-15,송태현,품질 클레임팀,ISS-2026-006,문서ID: DOC-0138 작성일: 2026-05-15 문서유형: 클레임 접수표 작성자: 송태현 관련팀: 품질 클레임팀 고객사: Global Harness Vietnam 구매처: Yazaki Parts Asia 품목: AP-CB-510 케이블 어셈블리 관련이슈: ISS-2026-006 / Vietnam향 포장 라벨 문구 수정 Global Harness Vietnam 관련 AP-CB-510 케이블 어셈블리 업무 건으로 2026년,2026-05-15T09:00:00,2026-06-01T09:00:00
DOC-0139,PROJ-001,클레임 접수표 - DOC-0139,02_raw_documents/quality_claims/DOC-0139_quality_claims_2026-05-19.md,클레임 접수표,2026-05-19,송태현,품질 클레임팀,ISS-2026-007,문서ID: DOC-0139 작성일: 2026-05-19 문서유형: 클레임 접수표 작성자: 송태현 관련팀: 품질 클레임팀 고객사: Hyundai Mobis Tier2 구매처: JST Components 품목: AP-CB-510 케이블 어셈블리 관련이슈: ISS-2026-007 / 고객별 월간 리스크 태그 정리 Hyundai Mobis Tier2 관련 AP-CB-510 케이블 어셈블리 업무 건으로 2026년 05월 19일 기준 진,2026-05-19T09:00:00,2026-06-01T09:00:00
DOC-0140,PROJ-001,긴급 항공 이송 승인 요청 - DOC-0140,02_raw_documents/logistics_logs/DOC-0140_logistics_logs_2026-05-02.md,긴급 항공 이송 승인 요청,2026-05-02,문태준,물류팀,ISS-2026-009,문서ID: DOC-0140 작성일: 2026-05-02 문서유형: 긴급 항공 이송 승인 요청 작성자: 문태준 관련팀: 물류팀 고객사: Global Harness Vietnam 구매처: TE Connectivity Korea 품목: AP-CN-204 커넥터 관련이슈: ISS-2026-009 / 분기 공급사 평가 자료 취합 Global Harness Vietnam 관련 AP-CN-204 커넥터 업무 건으로 2026년 05월 02일,2026-05-02T09:00:00,2026-06-01T09:00:00
DOC-0141,PROJ-001,주간 운영 회의록 - DOC-0141,02_raw_documents/meeting_notes/DOC-0141_meeting_notes_2026-05-15.md,주간 운영 회의록,2026-05-15,김도윤,운영총괄팀,ISS-2026-005,문서ID: DOC-0141 작성일: 2026-05-15 문서유형: 주간 운영 회의록 작성자: 김도윤 관련팀: 운영총괄팀 고객사: Hyundai Mobis Tier2 구매처: TE Connectivity Korea 품목: AP-CN-204 커넥터 관련이슈: ISS-2026-005 / 박서연 담당 고객 인수인계 준비 Hyundai Mobis Tier2 관련 AP-CN-204 커넥터 업무 건으로 2026년 05월 15일 기준 진행 ,2026-05-15T09:00:00,2026-06-01T09:00:00
DOC-0142,PROJ-001,출고 로그 - DOC-0142,02_raw_documents/logistics_logs/DOC-0142_logistics_logs_2026-05-23.md,출고 로그,2026-05-23,윤예린,물류팀,ISS-2026-007,문서ID: DOC-0142 작성일: 2026-05-23 문서유형: 출고 로그 작성자: 윤예린 관련팀: 물류팀 고객사: Hyundai Mobis Tier2 구매처: TE Connectivity Korea 품목: AP-TM-118 터미널 관련이슈: ISS-2026-007 / 고객별 월간 리스크 태그 정리 Hyundai Mobis Tier2 관련 AP-TM-118 터미널 업무 건으로 2026년 05월 23일 기준 진행 상황을 정리합,2026-05-23T09:00:00,2026-06-01T09:00:00
DOC-0143,PROJ-001,긴급 항공 이송 승인 요청 - DOC-0143,02_raw_documents/logistics_logs/DOC-0143_logistics_logs_2026-05-15.md,긴급 항공 이송 승인 요청,2026-05-15,윤예린,물류팀,ISS-2026-005,문서ID: DOC-0143 작성일: 2026-05-15 문서유형: 긴급 항공 이송 승인 요청 작성자: 윤예린 관련팀: 물류팀 고객사: Hyundai Mobis Tier2 구매처: TE Connectivity Korea 품목: AP-CN-204 커넥터 관련이슈: ISS-2026-005 / 박서연 담당 고객 인수인계 준비 Hyundai Mobis Tier2 관련 AP-CN-204 커넥터 업무 건으로 2026년 05월 15일 기준 ,2026-05-15T09:00:00,2026-06-01T09:00:00
DOC-0144,PROJ-001,불량 원인 분석 메모 - DOC-0144,02_raw_documents/quality_claims/DOC-0144_quality_claims_2026-05-08.md,불량 원인 분석 메모,2026-05-08,송태현,품질 클레임팀,ISS-2026-005,문서ID: DOC-0144 작성일: 2026-05-08 문서유형: 불량 원인 분석 메모 작성자: 송태현 관련팀: 품질 클레임팀 고객사: Hyundai Mobis Tier2 구매처: TE Connectivity Korea 품목: AP-CN-204 커넥터 관련이슈: ISS-2026-005 / 박서연 담당 고객 인수인계 준비 Hyundai Mobis Tier2 관련 AP-CN-204 커넥터 업무 건으로 2026년 05월 08일 기준,2026-05-08T09:00:00,2026-06-01T09:00:00
DOC-2026-0513-SALES-009-001,PROJ-001,고객 수량 불일치 클레임 접수 메일 - DOC-2026-0513-SALES-009-001,02_raw_documents/sales_emails/DOC-2026-0513-SALES-009-001_hanil_quantity_mismatch_claim.md,고객 수량 불일치 클레임 접수 메일,2026-05-13,정하늘,영업관리팀,ISSUE-2026-009,문서ID: DOC-2026-0513-SALES-009-001 작성일: 2026-05-13 문서유형: 고객 수량 불일치 클레임 접수 메일 작성자: 정하늘 관련팀: 영업관리팀 고객사: Hanil Motors 구매처: Local Cable Works 품목: AP-CB-510 케이블 어셈블리 관련이슈: ISSUE-2026-009 / Hanil Motors 수량 불일치 클레임 Hanil Motors에서 AP-CB-510 케이블 어셈블리,2026-05-13T09:00:00,2026-06-01T09:00:00
DOC-2026-0513-LOG-009-002,PROJ-001,내부 출고 로그 - DOC-2026-0513-LOG-009-002,02_raw_documents/logistics_logs/DOC-2026-0513-LOG-009-002_internal_shipment_log.md,내부 출고 로그,2026-05-13,윤예린,물류팀,ISSUE-2026-009,문서ID: DOC-2026-0513-LOG-009-002 작성일: 2026-05-13 문서유형: 내부 출고 로그 작성자: 윤예린 관련팀: 물류팀 고객사: Hanil Motors 구매처: Local Cable Works 품목: AP-CB-510 케이블 어셈블리 관련이슈: ISSUE-2026-009 / Hanil Motors 수량 불일치 클레임 2026-05-12 출고 시스템에는 Hanil Motors향 AP-CB-510 케이블 ,2026-05-13T09:00:00,2026-06-01T09:00:00
DOC-2026-0514-CHAT-009-003,PROJ-001,영업 물류 품질 확인 대화 - DOC-2026-0514-CHAT-009-003,02_raw_documents/chat_logs/DOC-2026-0514-CHAT-009-003_sales_logistics_quality_check.md,영업 물류 품질 확인 대화,2026-05-14,정하늘,영업관리팀,ISSUE-2026-009,문서ID: DOC-2026-0514-CHAT-009-003 작성일: 2026-05-14 문서유형: 영업 물류 품질 확인 대화 작성자: 정하늘 관련팀: 영업관리팀 고객사: Hanil Motors 구매처: Local Cable Works 품목: AP-CB-510 케이블 어셈블리 관련이슈: ISSUE-2026-009 / Hanil Motors 수량 불일치 클레임 [정하늘] Hanil Motors에서 AP-CB-510 입고 수량이 1,2026-05-14T09:00:00,2026-06-01T09:00:00
DOC-2026-0516-CLAIM-009-004,PROJ-001,수량 불일치 클레임 접수표 - DOC-2026-0516-CLAIM-009-004,02_raw_documents/quality_claims/DOC-2026-0516-CLAIM-009-004_quantity_mismatch_claim.md,수량 불일치 클레임 접수표,2026-05-16,한지우,품질 클레임팀,ISSUE-2026-009,문서ID: DOC-2026-0516-CLAIM-009-004 작성일: 2026-05-16 문서유형: 수량 불일치 클레임 접수표 작성자: 한지우 관련팀: 품질 클레임팀 고객사: Hanil Motors 구매처: Local Cable Works 품목: AP-CB-510 케이블 어셈블리 관련이슈: ISSUE-2026-009 / Hanil Motors 수량 불일치 클레임 클레임 유형은 shipment_quantity_mismatch로 ,2026-05-16T09:00:00,2026-06-01T09:00:00
DOC-2026-0517-MEET-009-005,PROJ-001,수량 불일치 대응 회의록 - DOC-2026-0517-MEET-009-005,02_raw_documents/meeting_notes/DOC-2026-0517-MEET-009-005_quantity_mismatch_response.md,수량 불일치 대응 회의록,2026-05-17,김도윤,운영총괄팀,ISSUE-2026-009,문서ID: DOC-2026-0517-MEET-009-005 작성일: 2026-05-17 문서유형: 수량 불일치 대응 회의록 작성자: 김도윤 관련팀: 운영총괄팀 고객사: Hanil Motors 구매처: Local Cable Works 품목: AP-CB-510 케이블 어셈블리 관련이슈: ISSUE-2026-009 / Hanil Motors 수량 불일치 클레임 회의에서는 Hanil Motors AP-CB-510 수량 불일치 클레임의,2026-05-17T09:00:00,2026-06-01T09:00:00
DOC-2026-0520-SALES-009-006,PROJ-001,고객 중간 회신 초안 - DOC-2026-0520-SALES-009-006,02_raw_documents/sales_emails/DOC-2026-0520-SALES-009-006_customer_interim_reply.md,고객 중간 회신 초안,2026-05-20,정하늘,영업관리팀,ISSUE-2026-009,문서ID: DOC-2026-0520-SALES-009-006 작성일: 2026-05-20 문서유형: 고객 중간 회신 초안 작성자: 정하늘 관련팀: 영업관리팀 고객사: Hanil Motors 구매처: Local Cable Works 품목: AP-CB-510 케이블 어셈블리 관련이슈: ISSUE-2026-009 / Hanil Motors 수량 불일치 클레임 Hanil Motors에 전달할 중간 회신 초안입니다. 당사는 내부 출고 ,2026-05-20T09:00:00,2026-06-01T09:00:00
DOC-2026-0521-PURCHASE-009-007,PROJ-001,부족분 재출고 가능 재고 확인 메일 - DOC-2026-0521-PURCHASE-009-007,02_raw_documents/purchase_emails/DOC-2026-0521-PURCHASE-009-007_reshipment_stock_check.md,부족분 재출고 가능 재고 확인 메일,2026-05-21,최유진,구매팀,ISSUE-2026-009,문서ID: DOC-2026-0521-PURCHASE-009-007 작성일: 2026-05-21 문서유형: 부족분 재출고 가능 재고 확인 메일 작성자: 최유진 관련팀: 구매팀 고객사: Hanil Motors 구매처: Local Cable Works 품목: AP-CB-510 케이블 어셈블리 관련이슈: ISSUE-2026-009 / Hanil Motors 수량 불일치 클레임 Local Cable Works에 AP-CB-510 케이블,2026-05-21T09:00:00,2026-06-01T09:00:00
