doc_id,file_path,doc_type,created_date,author,related_team,related_customer_id,related_supplier_id,related_product_id,related_issue_id,summary_hint
DOC-2022-001-001,02_raw_documents/sales_emails/DOC-2022-001-001_urgent_shipment_conflict_2022-01-10.md,sales_emails,2022-01-10,박서연,영업관리팀,CUST-002,SUP-001,PROD-001,ISSUE-2022-001,설 연휴 전 긴급 출고 일정 혼선 관련 sales_emails 원천자료
DOC-2022-001-002,02_raw_documents/purchase_emails/DOC-2022-001-002_urgent_shipment_conflict_2022-01-12.md,purchase_emails,2022-01-12,최유진,구매팀,CUST-002,SUP-001,PROD-001,ISSUE-2022-001,설 연휴 전 긴급 출고 일정 혼선 관련 purchase_emails 원천자료
DOC-2022-001-003,02_raw_documents/quality_claims/DOC-2022-001-003_urgent_shipment_conflict_2022-01-13.md,quality_claims,2022-01-13,한지우,물류팀,CUST-002,SUP-001,PROD-001,ISSUE-2022-001,설 연휴 전 긴급 출고 일정 혼선 관련 quality_claims 원천자료
DOC-2022-001-004,02_raw_documents/logistics_logs/DOC-2022-001-004_urgent_shipment_conflict_2022-01-15.md,logistics_logs,2022-01-15,윤예린,영업관리팀,CUST-002,SUP-001,PROD-001,ISSUE-2022-001,설 연휴 전 긴급 출고 일정 혼선 관련 logistics_logs 원천자료
DOC-2022-001-005,02_raw_documents/meeting_notes/DOC-2022-001-005_urgent_shipment_conflict_2022-01-17.md,meeting_notes,2022-01-17,김도윤,구매팀,CUST-002,SUP-001,PROD-001,ISSUE-2022-001,설 연휴 전 긴급 출고 일정 혼선 관련 meeting_notes 원천자료
DOC-2022-001-006,02_raw_documents/chat_logs/DOC-2022-001-006_urgent_shipment_conflict_2022-01-18.md,chat_logs,2022-01-18,이민재,물류팀,CUST-002,SUP-001,PROD-001,ISSUE-2022-001,설 연휴 전 긴급 출고 일정 혼선 관련 chat_logs 원천자료
DOC-2022-001-007,02_raw_documents/sales_emails/DOC-2022-001-007_urgent_shipment_conflict_2022-01-20.md,sales_emails,2022-01-20,박서연,영업관리팀,CUST-002,SUP-001,PROD-001,ISSUE-2022-001,설 연휴 전 긴급 출고 일정 혼선 관련 sales_emails 원천자료
DOC-2022-001-008,02_raw_documents/purchase_emails/DOC-2022-001-008_urgent_shipment_conflict_2022-01-21.md,purchase_emails,2022-01-21,최유진,구매팀,CUST-002,SUP-001,PROD-001,ISSUE-2022-001,설 연휴 전 긴급 출고 일정 혼선 관련 purchase_emails 원천자료
DOC-2022-001-009,02_raw_documents/quality_claims/DOC-2022-001-009_urgent_shipment_conflict_2022-01-23.md,quality_claims,2022-01-23,한지우,물류팀,CUST-002,SUP-001,PROD-001,ISSUE-2022-001,설 연휴 전 긴급 출고 일정 혼선 관련 quality_claims 원천자료
DOC-2022-001-010,02_raw_documents/logistics_logs/DOC-2022-001-010_urgent_shipment_conflict_2022-01-25.md,logistics_logs,2022-01-25,윤예린,영업관리팀,CUST-002,SUP-001,PROD-001,ISSUE-2022-001,설 연휴 전 긴급 출고 일정 혼선 관련 logistics_logs 원천자료
DOC-2022-001-011,02_raw_documents/meeting_notes/DOC-2022-001-011_urgent_shipment_conflict_2022-01-26.md,meeting_notes,2022-01-26,김도윤,구매팀,CUST-002,SUP-001,PROD-001,ISSUE-2022-001,설 연휴 전 긴급 출고 일정 혼선 관련 meeting_notes 원천자료
DOC-2022-001-012,02_raw_documents/chat_logs/DOC-2022-001-012_urgent_shipment_conflict_2022-01-28.md,chat_logs,2022-01-28,이민재,물류팀,CUST-002,SUP-001,PROD-001,ISSUE-2022-001,설 연휴 전 긴급 출고 일정 혼선 관련 chat_logs 원천자료
DOC-2022-002-001,02_raw_documents/sales_emails/DOC-2022-002-001_supplier_stock_substitute_2022-03-04.md,sales_emails,2022-03-04,박서연,구매팀,CUST-001,SUP-002,PROD-002,ISSUE-2022-002,구매처 재고 부족과 대체품 검토 관련 sales_emails 원천자료
DOC-2022-002-002,02_raw_documents/purchase_emails/DOC-2022-002-002_supplier_stock_substitute_2022-03-06.md,purchase_emails,2022-03-06,최유진,영업관리팀,CUST-001,SUP-002,PROD-002,ISSUE-2022-002,구매처 재고 부족과 대체품 검토 관련 purchase_emails 원천자료
DOC-2022-002-003,02_raw_documents/quality_claims/DOC-2022-002-003_supplier_stock_substitute_2022-03-08.md,quality_claims,2022-03-08,한지우,구매팀,CUST-001,SUP-002,PROD-002,ISSUE-2022-002,구매처 재고 부족과 대체품 검토 관련 quality_claims 원천자료
DOC-2022-002-004,02_raw_documents/logistics_logs/DOC-2022-002-004_supplier_stock_substitute_2022-03-10.md,logistics_logs,2022-03-10,윤예린,영업관리팀,CUST-001,SUP-002,PROD-002,ISSUE-2022-002,구매처 재고 부족과 대체품 검토 관련 logistics_logs 원천자료
DOC-2022-002-005,02_raw_documents/meeting_notes/DOC-2022-002-005_supplier_stock_substitute_2022-03-12.md,meeting_notes,2022-03-12,김도윤,구매팀,CUST-001,SUP-002,PROD-002,ISSUE-2022-002,구매처 재고 부족과 대체품 검토 관련 meeting_notes 원천자료
DOC-2022-002-006,02_raw_documents/chat_logs/DOC-2022-002-006_supplier_stock_substitute_2022-03-14.md,chat_logs,2022-03-14,이민재,영업관리팀,CUST-001,SUP-002,PROD-002,ISSUE-2022-002,구매처 재고 부족과 대체품 검토 관련 chat_logs 원천자료
DOC-2022-002-007,02_raw_documents/sales_emails/DOC-2022-002-007_supplier_stock_substitute_2022-03-15.md,sales_emails,2022-03-15,박서연,구매팀,CUST-001,SUP-002,PROD-002,ISSUE-2022-002,구매처 재고 부족과 대체품 검토 관련 sales_emails 원천자료
DOC-2022-002-008,02_raw_documents/purchase_emails/DOC-2022-002-008_supplier_stock_substitute_2022-03-17.md,purchase_emails,2022-03-17,최유진,영업관리팀,CUST-001,SUP-002,PROD-002,ISSUE-2022-002,구매처 재고 부족과 대체품 검토 관련 purchase_emails 원천자료
DOC-2022-002-009,02_raw_documents/quality_claims/DOC-2022-002-009_supplier_stock_substitute_2022-03-19.md,quality_claims,2022-03-19,한지우,구매팀,CUST-001,SUP-002,PROD-002,ISSUE-2022-002,구매처 재고 부족과 대체품 검토 관련 quality_claims 원천자료
DOC-2022-002-010,02_raw_documents/logistics_logs/DOC-2022-002-010_supplier_stock_substitute_2022-03-21.md,logistics_logs,2022-03-21,윤예린,영업관리팀,CUST-001,SUP-002,PROD-002,ISSUE-2022-002,구매처 재고 부족과 대체품 검토 관련 logistics_logs 원천자료
DOC-2022-002-011,02_raw_documents/meeting_notes/DOC-2022-002-011_supplier_stock_substitute_2022-03-23.md,meeting_notes,2022-03-23,김도윤,구매팀,CUST-001,SUP-002,PROD-002,ISSUE-2022-002,구매처 재고 부족과 대체품 검토 관련 meeting_notes 원천자료
DOC-2022-002-012,02_raw_documents/chat_logs/DOC-2022-002-012_supplier_stock_substitute_2022-03-25.md,chat_logs,2022-03-25,이민재,영업관리팀,CUST-001,SUP-002,PROD-002,ISSUE-2022-002,구매처 재고 부족과 대체품 검토 관련 chat_logs 원천자료
DOC-2022-003-001,02_raw_documents/sales_emails/DOC-2022-003-001_export_document_gap_2022-04-07.md,sales_emails,2022-04-07,박서연,물류팀,CUST-005,SUP-002,PROD-005,ISSUE-2022-003,수출 서류 누락으로 통관 지연 관련 sales_emails 원천자료
DOC-2022-003-002,02_raw_documents/purchase_emails/DOC-2022-003-002_export_document_gap_2022-04-08.md,purchase_emails,2022-04-08,최유진,영업관리팀,CUST-005,SUP-002,PROD-005,ISSUE-2022-003,수출 서류 누락으로 통관 지연 관련 purchase_emails 원천자료
DOC-2022-003-003,02_raw_documents/quality_claims/DOC-2022-003-003_export_document_gap_2022-04-10.md,quality_claims,2022-04-10,한지우,물류팀,CUST-005,SUP-002,PROD-005,ISSUE-2022-003,수출 서류 누락으로 통관 지연 관련 quality_claims 원천자료
DOC-2022-003-004,02_raw_documents/logistics_logs/DOC-2022-003-004_export_document_gap_2022-04-11.md,logistics_logs,2022-04-11,윤예린,영업관리팀,CUST-005,SUP-002,PROD-005,ISSUE-2022-003,수출 서류 누락으로 통관 지연 관련 logistics_logs 원천자료
DOC-2022-003-005,02_raw_documents/meeting_notes/DOC-2022-003-005_export_document_gap_2022-04-12.md,meeting_notes,2022-04-12,김도윤,물류팀,CUST-005,SUP-002,PROD-005,ISSUE-2022-003,수출 서류 누락으로 통관 지연 관련 meeting_notes 원천자료
DOC-2022-003-006,02_raw_documents/chat_logs/DOC-2022-003-006_export_document_gap_2022-04-14.md,chat_logs,2022-04-14,이민재,영업관리팀,CUST-005,SUP-002,PROD-005,ISSUE-2022-003,수출 서류 누락으로 통관 지연 관련 chat_logs 원천자료
DOC-2022-003-007,02_raw_documents/sales_emails/DOC-2022-003-007_export_document_gap_2022-04-15.md,sales_emails,2022-04-15,박서연,물류팀,CUST-005,SUP-002,PROD-005,ISSUE-2022-003,수출 서류 누락으로 통관 지연 관련 sales_emails 원천자료
DOC-2022-003-008,02_raw_documents/purchase_emails/DOC-2022-003-008_export_document_gap_2022-04-17.md,purchase_emails,2022-04-17,최유진,영업관리팀,CUST-005,SUP-002,PROD-005,ISSUE-2022-003,수출 서류 누락으로 통관 지연 관련 purchase_emails 원천자료
DOC-2022-003-009,02_raw_documents/quality_claims/DOC-2022-003-009_export_document_gap_2022-04-18.md,quality_claims,2022-04-18,한지우,물류팀,CUST-005,SUP-002,PROD-005,ISSUE-2022-003,수출 서류 누락으로 통관 지연 관련 quality_claims 원천자료
DOC-2022-003-010,02_raw_documents/logistics_logs/DOC-2022-003-010_export_document_gap_2022-04-19.md,logistics_logs,2022-04-19,윤예린,영업관리팀,CUST-005,SUP-002,PROD-005,ISSUE-2022-003,수출 서류 누락으로 통관 지연 관련 logistics_logs 원천자료
DOC-2022-003-011,02_raw_documents/meeting_notes/DOC-2022-003-011_export_document_gap_2022-04-21.md,meeting_notes,2022-04-21,김도윤,물류팀,CUST-005,SUP-002,PROD-005,ISSUE-2022-003,수출 서류 누락으로 통관 지연 관련 meeting_notes 원천자료
DOC-2022-003-012,02_raw_documents/chat_logs/DOC-2022-003-012_export_document_gap_2022-04-22.md,chat_logs,2022-04-22,이민재,영업관리팀,CUST-005,SUP-002,PROD-005,ISSUE-2022-003,수출 서류 누락으로 통관 지연 관련 chat_logs 원천자료
DOC-2022-004-001,02_raw_documents/sales_emails/DOC-2022-004-001_quality_or_assembly_claim_2022-05-09.md,sales_emails,2022-05-09,박서연,품질 클레임팀,CUST-003,SUP-005,PROD-003,ISSUE-2022-004,반복 불량과 고객 조립 문제 사이 클레임 관련 sales_emails 원천자료
DOC-2022-004-002,02_raw_documents/purchase_emails/DOC-2022-004-002_quality_or_assembly_claim_2022-05-11.md,purchase_emails,2022-05-11,최유진,영업관리팀,CUST-003,SUP-005,PROD-003,ISSUE-2022-004,반복 불량과 고객 조립 문제 사이 클레임 관련 purchase_emails 원천자료
DOC-2022-004-003,02_raw_documents/quality_claims/DOC-2022-004-003_quality_or_assembly_claim_2022-05-13.md,quality_claims,2022-05-13,한지우,구매팀,CUST-003,SUP-005,PROD-003,ISSUE-2022-004,반복 불량과 고객 조립 문제 사이 클레임 관련 quality_claims 원천자료
DOC-2022-004-004,02_raw_documents/logistics_logs/DOC-2022-004-004_quality_or_assembly_claim_2022-05-15.md,logistics_logs,2022-05-15,윤예린,품질 클레임팀,CUST-003,SUP-005,PROD-003,ISSUE-2022-004,반복 불량과 고객 조립 문제 사이 클레임 관련 logistics_logs 원천자료
DOC-2022-004-005,02_raw_documents/meeting_notes/DOC-2022-004-005_quality_or_assembly_claim_2022-05-17.md,meeting_notes,2022-05-17,김도윤,영업관리팀,CUST-003,SUP-005,PROD-003,ISSUE-2022-004,반복 불량과 고객 조립 문제 사이 클레임 관련 meeting_notes 원천자료
DOC-2022-004-006,02_raw_documents/chat_logs/DOC-2022-004-006_quality_or_assembly_claim_2022-05-19.md,chat_logs,2022-05-19,이민재,구매팀,CUST-003,SUP-005,PROD-003,ISSUE-2022-004,반복 불량과 고객 조립 문제 사이 클레임 관련 chat_logs 원천자료
DOC-2022-004-007,02_raw_documents/sales_emails/DOC-2022-004-007_quality_or_assembly_claim_2022-05-21.md,sales_emails,2022-05-21,박서연,품질 클레임팀,CUST-003,SUP-005,PROD-003,ISSUE-2022-004,반복 불량과 고객 조립 문제 사이 클레임 관련 sales_emails 원천자료
DOC-2022-004-008,02_raw_documents/purchase_emails/DOC-2022-004-008_quality_or_assembly_claim_2022-05-23.md,purchase_emails,2022-05-23,최유진,영업관리팀,CUST-003,SUP-005,PROD-003,ISSUE-2022-004,반복 불량과 고객 조립 문제 사이 클레임 관련 purchase_emails 원천자료
DOC-2022-004-009,02_raw_documents/quality_claims/DOC-2022-004-009_quality_or_assembly_claim_2022-05-25.md,quality_claims,2022-05-25,한지우,구매팀,CUST-003,SUP-005,PROD-003,ISSUE-2022-004,반복 불량과 고객 조립 문제 사이 클레임 관련 quality_claims 원천자료
DOC-2022-004-010,02_raw_documents/logistics_logs/DOC-2022-004-010_quality_or_assembly_claim_2022-05-27.md,logistics_logs,2022-05-27,윤예린,품질 클레임팀,CUST-003,SUP-005,PROD-003,ISSUE-2022-004,반복 불량과 고객 조립 문제 사이 클레임 관련 logistics_logs 원천자료
DOC-2022-004-011,02_raw_documents/meeting_notes/DOC-2022-004-011_quality_or_assembly_claim_2022-05-29.md,meeting_notes,2022-05-29,김도윤,영업관리팀,CUST-003,SUP-005,PROD-003,ISSUE-2022-004,반복 불량과 고객 조립 문제 사이 클레임 관련 meeting_notes 원천자료
DOC-2022-004-012,02_raw_documents/chat_logs/DOC-2022-004-012_quality_or_assembly_claim_2022-05-31.md,chat_logs,2022-05-31,이민재,구매팀,CUST-003,SUP-005,PROD-003,ISSUE-2022-004,반복 불량과 고객 조립 문제 사이 클레임 관련 chat_logs 원천자료
DOC-2022-005-001,02_raw_documents/sales_emails/DOC-2022-005-001_lead_time_conflict_2022-07-01.md,sales_emails,2022-07-01,박서연,구매팀,CUST-004,SUP-003,PROD-004,ISSUE-2022-005,리드타임 변경 공지와 고객 발주 일정 충돌 관련 sales_emails 원천자료
DOC-2022-005-002,02_raw_documents/purchase_emails/DOC-2022-005-002_lead_time_conflict_2022-07-04.md,purchase_emails,2022-07-04,최유진,영업관리팀,CUST-004,SUP-003,PROD-004,ISSUE-2022-005,리드타임 변경 공지와 고객 발주 일정 충돌 관련 purchase_emails 원천자료
DOC-2022-005-003,02_raw_documents/quality_claims/DOC-2022-005-003_lead_time_conflict_2022-07-06.md,quality_claims,2022-07-06,한지우,운영총괄팀,CUST-004,SUP-003,PROD-004,ISSUE-2022-005,리드타임 변경 공지와 고객 발주 일정 충돌 관련 quality_claims 원천자료
DOC-2022-005-004,02_raw_documents/logistics_logs/DOC-2022-005-004_lead_time_conflict_2022-07-09.md,logistics_logs,2022-07-09,윤예린,구매팀,CUST-004,SUP-003,PROD-004,ISSUE-2022-005,리드타임 변경 공지와 고객 발주 일정 충돌 관련 logistics_logs 원천자료
DOC-2022-005-005,02_raw_documents/meeting_notes/DOC-2022-005-005_lead_time_conflict_2022-07-11.md,meeting_notes,2022-07-11,김도윤,영업관리팀,CUST-004,SUP-003,PROD-004,ISSUE-2022-005,리드타임 변경 공지와 고객 발주 일정 충돌 관련 meeting_notes 원천자료
DOC-2022-005-006,02_raw_documents/chat_logs/DOC-2022-005-006_lead_time_conflict_2022-07-14.md,chat_logs,2022-07-14,이민재,운영총괄팀,CUST-004,SUP-003,PROD-004,ISSUE-2022-005,리드타임 변경 공지와 고객 발주 일정 충돌 관련 chat_logs 원천자료
DOC-2022-005-007,02_raw_documents/sales_emails/DOC-2022-005-007_lead_time_conflict_2022-07-16.md,sales_emails,2022-07-16,박서연,구매팀,CUST-004,SUP-003,PROD-004,ISSUE-2022-005,리드타임 변경 공지와 고객 발주 일정 충돌 관련 sales_emails 원천자료
DOC-2022-005-008,02_raw_documents/purchase_emails/DOC-2022-005-008_lead_time_conflict_2022-07-19.md,purchase_emails,2022-07-19,최유진,영업관리팀,CUST-004,SUP-003,PROD-004,ISSUE-2022-005,리드타임 변경 공지와 고객 발주 일정 충돌 관련 purchase_emails 원천자료
DOC-2022-005-009,02_raw_documents/quality_claims/DOC-2022-005-009_lead_time_conflict_2022-07-21.md,quality_claims,2022-07-21,한지우,운영총괄팀,CUST-004,SUP-003,PROD-004,ISSUE-2022-005,리드타임 변경 공지와 고객 발주 일정 충돌 관련 quality_claims 원천자료
DOC-2022-005-010,02_raw_documents/logistics_logs/DOC-2022-005-010_lead_time_conflict_2022-07-24.md,logistics_logs,2022-07-24,윤예린,구매팀,CUST-004,SUP-003,PROD-004,ISSUE-2022-005,리드타임 변경 공지와 고객 발주 일정 충돌 관련 logistics_logs 원천자료
DOC-2022-005-011,02_raw_documents/meeting_notes/DOC-2022-005-011_lead_time_conflict_2022-07-26.md,meeting_notes,2022-07-26,김도윤,영업관리팀,CUST-004,SUP-003,PROD-004,ISSUE-2022-005,리드타임 변경 공지와 고객 발주 일정 충돌 관련 meeting_notes 원천자료
DOC-2022-005-012,02_raw_documents/chat_logs/DOC-2022-005-012_lead_time_conflict_2022-07-29.md,chat_logs,2022-07-29,이민재,운영총괄팀,CUST-004,SUP-003,PROD-004,ISSUE-2022-005,리드타임 변경 공지와 고객 발주 일정 충돌 관련 chat_logs 원천자료
DOC-2022-006-001,02_raw_documents/sales_emails/DOC-2022-006-001_air_freight_approval_delay_2022-08-11.md,sales_emails,2022-08-11,박서연,물류팀,CUST-001,SUP-001,PROD-001,ISSUE-2022-006,항공 이송 전환 비용 승인 지연 관련 sales_emails 원천자료
DOC-2022-006-002,02_raw_documents/purchase_emails/DOC-2022-006-002_air_freight_approval_delay_2022-08-13.md,purchase_emails,2022-08-13,최유진,구매팀,CUST-001,SUP-001,PROD-001,ISSUE-2022-006,항공 이송 전환 비용 승인 지연 관련 purchase_emails 원천자료
DOC-2022-006-003,02_raw_documents/quality_claims/DOC-2022-006-003_air_freight_approval_delay_2022-08-14.md,quality_claims,2022-08-14,한지우,운영총괄팀,CUST-001,SUP-001,PROD-001,ISSUE-2022-006,항공 이송 전환 비용 승인 지연 관련 quality_claims 원천자료
DOC-2022-006-004,02_raw_documents/logistics_logs/DOC-2022-006-004_air_freight_approval_delay_2022-08-16.md,logistics_logs,2022-08-16,윤예린,물류팀,CUST-001,SUP-001,PROD-001,ISSUE-2022-006,항공 이송 전환 비용 승인 지연 관련 logistics_logs 원천자료
DOC-2022-006-005,02_raw_documents/meeting_notes/DOC-2022-006-005_air_freight_approval_delay_2022-08-18.md,meeting_notes,2022-08-18,김도윤,구매팀,CUST-001,SUP-001,PROD-001,ISSUE-2022-006,항공 이송 전환 비용 승인 지연 관련 meeting_notes 원천자료
DOC-2022-006-006,02_raw_documents/chat_logs/DOC-2022-006-006_air_freight_approval_delay_2022-08-20.md,chat_logs,2022-08-20,이민재,운영총괄팀,CUST-001,SUP-001,PROD-001,ISSUE-2022-006,항공 이송 전환 비용 승인 지연 관련 chat_logs 원천자료
DOC-2022-006-007,02_raw_documents/sales_emails/DOC-2022-006-007_air_freight_approval_delay_2022-08-21.md,sales_emails,2022-08-21,박서연,물류팀,CUST-001,SUP-001,PROD-001,ISSUE-2022-006,항공 이송 전환 비용 승인 지연 관련 sales_emails 원천자료
DOC-2022-006-008,02_raw_documents/purchase_emails/DOC-2022-006-008_air_freight_approval_delay_2022-08-23.md,purchase_emails,2022-08-23,최유진,구매팀,CUST-001,SUP-001,PROD-001,ISSUE-2022-006,항공 이송 전환 비용 승인 지연 관련 purchase_emails 원천자료
DOC-2022-006-009,02_raw_documents/quality_claims/DOC-2022-006-009_air_freight_approval_delay_2022-08-25.md,quality_claims,2022-08-25,한지우,운영총괄팀,CUST-001,SUP-001,PROD-001,ISSUE-2022-006,항공 이송 전환 비용 승인 지연 관련 quality_claims 원천자료
DOC-2022-006-010,02_raw_documents/logistics_logs/DOC-2022-006-010_air_freight_approval_delay_2022-08-27.md,logistics_logs,2022-08-27,윤예린,물류팀,CUST-001,SUP-001,PROD-001,ISSUE-2022-006,항공 이송 전환 비용 승인 지연 관련 logistics_logs 원천자료
DOC-2022-006-011,02_raw_documents/meeting_notes/DOC-2022-006-011_air_freight_approval_delay_2022-08-28.md,meeting_notes,2022-08-28,김도윤,구매팀,CUST-001,SUP-001,PROD-001,ISSUE-2022-006,항공 이송 전환 비용 승인 지연 관련 meeting_notes 원천자료
DOC-2022-006-012,02_raw_documents/chat_logs/DOC-2022-006-012_air_freight_approval_delay_2022-08-30.md,chat_logs,2022-08-30,이민재,운영총괄팀,CUST-001,SUP-001,PROD-001,ISSUE-2022-006,항공 이송 전환 비용 승인 지연 관련 chat_logs 원천자료
DOC-2022-007-001,02_raw_documents/sales_emails/DOC-2022-007-001_price_quote_conflict_2022-10-03.md,sales_emails,2022-10-03,박서연,구매팀,CUST-004,SUP-001,PROD-001,ISSUE-2022-007,단가 인상 공지와 기존 견적 적용 기준 충돌 관련 sales_emails 원천자료
DOC-2022-007-002,02_raw_documents/purchase_emails/DOC-2022-007-002_price_quote_conflict_2022-10-05.md,purchase_emails,2022-10-05,최유진,영업관리팀,CUST-004,SUP-001,PROD-001,ISSUE-2022-007,단가 인상 공지와 기존 견적 적용 기준 충돌 관련 purchase_emails 원천자료
DOC-2022-007-003,02_raw_documents/quality_claims/DOC-2022-007-003_price_quote_conflict_2022-10-08.md,quality_claims,2022-10-08,한지우,운영총괄팀,CUST-004,SUP-001,PROD-001,ISSUE-2022-007,단가 인상 공지와 기존 견적 적용 기준 충돌 관련 quality_claims 원천자료
DOC-2022-007-004,02_raw_documents/logistics_logs/DOC-2022-007-004_price_quote_conflict_2022-10-10.md,logistics_logs,2022-10-10,윤예린,구매팀,CUST-004,SUP-001,PROD-001,ISSUE-2022-007,단가 인상 공지와 기존 견적 적용 기준 충돌 관련 logistics_logs 원천자료
DOC-2022-007-005,02_raw_documents/meeting_notes/DOC-2022-007-005_price_quote_conflict_2022-10-12.md,meeting_notes,2022-10-12,김도윤,영업관리팀,CUST-004,SUP-001,PROD-001,ISSUE-2022-007,단가 인상 공지와 기존 견적 적용 기준 충돌 관련 meeting_notes 원천자료
DOC-2022-007-006,02_raw_documents/chat_logs/DOC-2022-007-006_price_quote_conflict_2022-10-14.md,chat_logs,2022-10-14,이민재,운영총괄팀,CUST-004,SUP-001,PROD-001,ISSUE-2022-007,단가 인상 공지와 기존 견적 적용 기준 충돌 관련 chat_logs 원천자료
DOC-2022-007-007,02_raw_documents/sales_emails/DOC-2022-007-007_price_quote_conflict_2022-10-17.md,sales_emails,2022-10-17,박서연,구매팀,CUST-004,SUP-001,PROD-001,ISSUE-2022-007,단가 인상 공지와 기존 견적 적용 기준 충돌 관련 sales_emails 원천자료
DOC-2022-007-008,02_raw_documents/purchase_emails/DOC-2022-007-008_price_quote_conflict_2022-10-19.md,purchase_emails,2022-10-19,최유진,영업관리팀,CUST-004,SUP-001,PROD-001,ISSUE-2022-007,단가 인상 공지와 기존 견적 적용 기준 충돌 관련 purchase_emails 원천자료
DOC-2022-007-009,02_raw_documents/quality_claims/DOC-2022-007-009_price_quote_conflict_2022-10-21.md,quality_claims,2022-10-21,한지우,운영총괄팀,CUST-004,SUP-001,PROD-001,ISSUE-2022-007,단가 인상 공지와 기존 견적 적용 기준 충돌 관련 quality_claims 원천자료
DOC-2022-007-010,02_raw_documents/logistics_logs/DOC-2022-007-010_price_quote_conflict_2022-10-23.md,logistics_logs,2022-10-23,윤예린,구매팀,CUST-004,SUP-001,PROD-001,ISSUE-2022-007,단가 인상 공지와 기존 견적 적용 기준 충돌 관련 logistics_logs 원천자료
DOC-2022-007-011,02_raw_documents/meeting_notes/DOC-2022-007-011_price_quote_conflict_2022-10-26.md,meeting_notes,2022-10-26,김도윤,영업관리팀,CUST-004,SUP-001,PROD-001,ISSUE-2022-007,단가 인상 공지와 기존 견적 적용 기준 충돌 관련 meeting_notes 원천자료
DOC-2022-007-012,02_raw_documents/chat_logs/DOC-2022-007-012_price_quote_conflict_2022-10-28.md,chat_logs,2022-10-28,이민재,운영총괄팀,CUST-004,SUP-001,PROD-001,ISSUE-2022-007,단가 인상 공지와 기존 견적 적용 기준 충돌 관련 chat_logs 원천자료
DOC-2022-008-001,02_raw_documents/sales_emails/DOC-2022-008-001_temporary_owner_gap_2022-12-05.md,sales_emails,2022-12-05,박서연,영업관리팀,CUST-003,SUP-002,PROD-004,ISSUE-2022-008,담당자 부재로 고객 회신 누락 관련 sales_emails 원천자료
DOC-2022-008-002,02_raw_documents/purchase_emails/DOC-2022-008-002_temporary_owner_gap_2022-12-07.md,purchase_emails,2022-12-07,최유진,구매팀,CUST-003,SUP-002,PROD-004,ISSUE-2022-008,담당자 부재로 고객 회신 누락 관련 purchase_emails 원천자료
DOC-2022-008-003,02_raw_documents/quality_claims/DOC-2022-008-003_temporary_owner_gap_2022-12-08.md,quality_claims,2022-12-08,한지우,영업관리팀,CUST-003,SUP-002,PROD-004,ISSUE-2022-008,담당자 부재로 고객 회신 누락 관련 quality_claims 원천자료
DOC-2022-008-004,02_raw_documents/logistics_logs/DOC-2022-008-004_temporary_owner_gap_2022-12-10.md,logistics_logs,2022-12-10,윤예린,구매팀,CUST-003,SUP-002,PROD-004,ISSUE-2022-008,담당자 부재로 고객 회신 누락 관련 logistics_logs 원천자료
DOC-2022-008-005,02_raw_documents/meeting_notes/DOC-2022-008-005_temporary_owner_gap_2022-12-12.md,meeting_notes,2022-12-12,김도윤,영업관리팀,CUST-003,SUP-002,PROD-004,ISSUE-2022-008,담당자 부재로 고객 회신 누락 관련 meeting_notes 원천자료
DOC-2022-008-006,02_raw_documents/chat_logs/DOC-2022-008-006_temporary_owner_gap_2022-12-13.md,chat_logs,2022-12-13,이민재,구매팀,CUST-003,SUP-002,PROD-004,ISSUE-2022-008,담당자 부재로 고객 회신 누락 관련 chat_logs 원천자료
DOC-2022-008-007,02_raw_documents/sales_emails/DOC-2022-008-007_temporary_owner_gap_2022-12-15.md,sales_emails,2022-12-15,박서연,영업관리팀,CUST-003,SUP-002,PROD-004,ISSUE-2022-008,담당자 부재로 고객 회신 누락 관련 sales_emails 원천자료
DOC-2022-008-008,02_raw_documents/purchase_emails/DOC-2022-008-008_temporary_owner_gap_2022-12-16.md,purchase_emails,2022-12-16,최유진,구매팀,CUST-003,SUP-002,PROD-004,ISSUE-2022-008,담당자 부재로 고객 회신 누락 관련 purchase_emails 원천자료
DOC-2022-008-009,02_raw_documents/quality_claims/DOC-2022-008-009_temporary_owner_gap_2022-12-18.md,quality_claims,2022-12-18,한지우,영업관리팀,CUST-003,SUP-002,PROD-004,ISSUE-2022-008,담당자 부재로 고객 회신 누락 관련 quality_claims 원천자료
DOC-2022-008-010,02_raw_documents/logistics_logs/DOC-2022-008-010_temporary_owner_gap_2022-12-20.md,logistics_logs,2022-12-20,윤예린,구매팀,CUST-003,SUP-002,PROD-004,ISSUE-2022-008,담당자 부재로 고객 회신 누락 관련 logistics_logs 원천자료
DOC-2022-008-011,02_raw_documents/meeting_notes/DOC-2022-008-011_temporary_owner_gap_2022-12-21.md,meeting_notes,2022-12-21,김도윤,영업관리팀,CUST-003,SUP-002,PROD-004,ISSUE-2022-008,담당자 부재로 고객 회신 누락 관련 meeting_notes 원천자료
DOC-2022-008-012,02_raw_documents/chat_logs/DOC-2022-008-012_temporary_owner_gap_2022-12-23.md,chat_logs,2022-12-23,이민재,구매팀,CUST-003,SUP-002,PROD-004,ISSUE-2022-008,담당자 부재로 고객 회신 누락 관련 chat_logs 원천자료
DOC-2022-009-001,02_raw_documents/sales_emails/DOC-2022-009-001_delivery_recheck_2022-02-03.md,sales_emails,2022-02-03,박서연,영업관리팀,CUST-001,SUP-002,PROD-005,ISSUE-2022-009,2월 고객 납기 재확인 관련 sales_emails 원천자료
DOC-2022-009-002,02_raw_documents/purchase_emails/DOC-2022-009-002_delivery_recheck_2022-02-06.md,purchase_emails,2022-02-06,최유진,물류팀,CUST-001,SUP-002,PROD-005,ISSUE-2022-009,2월 고객 납기 재확인 관련 purchase_emails 원천자료
DOC-2022-009-003,02_raw_documents/quality_claims/DOC-2022-009-003_delivery_recheck_2022-02-09.md,quality_claims,2022-02-09,한지우,영업관리팀,CUST-001,SUP-002,PROD-005,ISSUE-2022-009,2월 고객 납기 재확인 관련 quality_claims 원천자료
DOC-2022-009-004,02_raw_documents/logistics_logs/DOC-2022-009-004_delivery_recheck_2022-02-12.md,logistics_logs,2022-02-12,윤예린,물류팀,CUST-001,SUP-002,PROD-005,ISSUE-2022-009,2월 고객 납기 재확인 관련 logistics_logs 원천자료
DOC-2022-010-001,02_raw_documents/sales_emails/DOC-2022-010-001_product_code_typo_2022-02-17.md,sales_emails,2022-02-17,박서연,영업관리팀,CUST-002,SUP-001,PROD-001,ISSUE-2022-010,2월 품목 코드 오기입 관련 sales_emails 원천자료
DOC-2022-010-002,02_raw_documents/purchase_emails/DOC-2022-010-002_product_code_typo_2022-02-20.md,purchase_emails,2022-02-20,최유진,구매팀,CUST-002,SUP-001,PROD-001,ISSUE-2022-010,2월 품목 코드 오기입 관련 purchase_emails 원천자료
DOC-2022-010-003,02_raw_documents/quality_claims/DOC-2022-010-003_product_code_typo_2022-02-22.md,quality_claims,2022-02-22,한지우,영업관리팀,CUST-002,SUP-001,PROD-001,ISSUE-2022-010,2월 품목 코드 오기입 관련 quality_claims 원천자료
DOC-2022-010-004,02_raw_documents/logistics_logs/DOC-2022-010-004_product_code_typo_2022-02-25.md,logistics_logs,2022-02-25,윤예린,구매팀,CUST-002,SUP-001,PROD-001,ISSUE-2022-010,2월 품목 코드 오기입 관련 logistics_logs 원천자료
DOC-2022-011-001,02_raw_documents/sales_emails/DOC-2022-011-001_supplier_reply_delay_2022-06-02.md,sales_emails,2022-06-02,박서연,구매팀,CUST-003,SUP-004,PROD-003,ISSUE-2022-011,6월 구매처 회신 지연 관련 sales_emails 원천자료
DOC-2022-011-002,02_raw_documents/purchase_emails/DOC-2022-011-002_supplier_reply_delay_2022-06-06.md,purchase_emails,2022-06-06,최유진,품질 클레임팀,CUST-003,SUP-004,PROD-003,ISSUE-2022-011,6월 구매처 회신 지연 관련 purchase_emails 원천자료
DOC-2022-011-003,02_raw_documents/quality_claims/DOC-2022-011-003_supplier_reply_delay_2022-06-10.md,quality_claims,2022-06-10,한지우,구매팀,CUST-003,SUP-004,PROD-003,ISSUE-2022-011,6월 구매처 회신 지연 관련 quality_claims 원천자료
DOC-2022-011-004,02_raw_documents/logistics_logs/DOC-2022-011-004_supplier_reply_delay_2022-06-14.md,logistics_logs,2022-06-14,윤예린,품질 클레임팀,CUST-003,SUP-004,PROD-003,ISSUE-2022-011,6월 구매처 회신 지연 관련 logistics_logs 원천자료
DOC-2022-012-001,02_raw_documents/sales_emails/DOC-2022-012-001_shipment_quantity_fix_2022-06-16.md,sales_emails,2022-06-16,박서연,물류팀,CUST-004,SUP-005,PROD-006,ISSUE-2022-012,6월 출고 수량 정정 관련 sales_emails 원천자료
DOC-2022-012-002,02_raw_documents/purchase_emails/DOC-2022-012-002_shipment_quantity_fix_2022-06-20.md,purchase_emails,2022-06-20,최유진,영업관리팀,CUST-004,SUP-005,PROD-006,ISSUE-2022-012,6월 출고 수량 정정 관련 purchase_emails 원천자료
DOC-2022-012-003,02_raw_documents/quality_claims/DOC-2022-012-003_shipment_quantity_fix_2022-06-23.md,quality_claims,2022-06-23,한지우,물류팀,CUST-004,SUP-005,PROD-006,ISSUE-2022-012,6월 출고 수량 정정 관련 quality_claims 원천자료
DOC-2022-012-004,02_raw_documents/logistics_logs/DOC-2022-012-004_shipment_quantity_fix_2022-06-27.md,logistics_logs,2022-06-27,윤예린,영업관리팀,CUST-004,SUP-005,PROD-006,ISSUE-2022-012,6월 출고 수량 정정 관련 logistics_logs 원천자료
DOC-2022-013-001,02_raw_documents/sales_emails/DOC-2022-013-001_owner_change_2022-09-02.md,sales_emails,2022-09-02,박서연,영업관리팀,CUST-005,SUP-003,PROD-004,ISSUE-2022-013,9월 내부 담당자 변경 관련 sales_emails 원천자료
DOC-2022-013-002,02_raw_documents/purchase_emails/DOC-2022-013-002_owner_change_2022-09-06.md,purchase_emails,2022-09-06,최유진,물류팀,CUST-005,SUP-003,PROD-004,ISSUE-2022-013,9월 내부 담당자 변경 관련 purchase_emails 원천자료
DOC-2022-013-003,02_raw_documents/quality_claims/DOC-2022-013-003_owner_change_2022-09-09.md,quality_claims,2022-09-09,한지우,영업관리팀,CUST-005,SUP-003,PROD-004,ISSUE-2022-013,9월 내부 담당자 변경 관련 quality_claims 원천자료
DOC-2022-013-004,02_raw_documents/logistics_logs/DOC-2022-013-004_owner_change_2022-09-13.md,logistics_logs,2022-09-13,윤예린,물류팀,CUST-005,SUP-003,PROD-004,ISSUE-2022-013,9월 내부 담당자 변경 관련 logistics_logs 원천자료
DOC-2022-014-001,02_raw_documents/sales_emails/DOC-2022-014-001_repeated_todo_open_2022-09-16.md,sales_emails,2022-09-16,박서연,영업관리팀,CUST-002,SUP-001,PROD-001,ISSUE-2022-014,9월 반복 Todo 미완료 관련 sales_emails 원천자료
DOC-2022-014-002,02_raw_documents/purchase_emails/DOC-2022-014-002_repeated_todo_open_2022-09-20.md,purchase_emails,2022-09-20,최유진,구매팀,CUST-002,SUP-001,PROD-001,ISSUE-2022-014,9월 반복 Todo 미완료 관련 purchase_emails 원천자료
DOC-2022-014-003,02_raw_documents/quality_claims/DOC-2022-014-003_repeated_todo_open_2022-09-25.md,quality_claims,2022-09-25,한지우,영업관리팀,CUST-002,SUP-001,PROD-001,ISSUE-2022-014,9월 반복 Todo 미완료 관련 quality_claims 원천자료
DOC-2022-014-004,02_raw_documents/logistics_logs/DOC-2022-014-004_repeated_todo_open_2022-09-29.md,logistics_logs,2022-09-29,윤예린,구매팀,CUST-002,SUP-001,PROD-001,ISSUE-2022-014,9월 반복 Todo 미완료 관련 logistics_logs 원천자료
DOC-2022-015-001,02_raw_documents/sales_emails/DOC-2022-015-001_month_end_check_2022-11-02.md,sales_emails,2022-11-02,박서연,물류팀,CUST-005,SUP-004,PROD-002,ISSUE-2022-015,11월 월말 마감 확인 관련 sales_emails 원천자료
DOC-2022-015-002,02_raw_documents/purchase_emails/DOC-2022-015-002_month_end_check_2022-11-06.md,purchase_emails,2022-11-06,최유진,운영총괄팀,CUST-005,SUP-004,PROD-002,ISSUE-2022-015,11월 월말 마감 확인 관련 purchase_emails 원천자료
DOC-2022-015-003,02_raw_documents/quality_claims/DOC-2022-015-003_month_end_check_2022-11-10.md,quality_claims,2022-11-10,한지우,물류팀,CUST-005,SUP-004,PROD-002,ISSUE-2022-015,11월 월말 마감 확인 관련 quality_claims 원천자료
DOC-2022-015-004,02_raw_documents/logistics_logs/DOC-2022-015-004_month_end_check_2022-11-14.md,logistics_logs,2022-11-14,윤예린,운영총괄팀,CUST-005,SUP-004,PROD-002,ISSUE-2022-015,11월 월말 마감 확인 관련 logistics_logs 원천자료
DOC-2022-016-001,02_raw_documents/sales_emails/DOC-2022-016-001_customer_price_update_gap_2022-11-16.md,sales_emails,2022-11-16,박서연,영업관리팀,CUST-002,SUP-001,PROD-001,ISSUE-2022-016,11월 고객 단가 업데이트 누락 관련 sales_emails 원천자료
DOC-2022-016-002,02_raw_documents/purchase_emails/DOC-2022-016-002_customer_price_update_gap_2022-11-20.md,purchase_emails,2022-11-20,최유진,구매팀,CUST-002,SUP-001,PROD-001,ISSUE-2022-016,11월 고객 단가 업데이트 누락 관련 purchase_emails 원천자료
DOC-2022-016-003,02_raw_documents/quality_claims/DOC-2022-016-003_customer_price_update_gap_2022-11-25.md,quality_claims,2022-11-25,한지우,영업관리팀,CUST-002,SUP-001,PROD-001,ISSUE-2022-016,11월 고객 단가 업데이트 누락 관련 quality_claims 원천자료
DOC-2022-016-004,02_raw_documents/logistics_logs/DOC-2022-016-004_customer_price_update_gap_2022-11-29.md,logistics_logs,2022-11-29,윤예린,구매팀,CUST-002,SUP-001,PROD-001,ISSUE-2022-016,11월 고객 단가 업데이트 누락 관련 logistics_logs 원천자료
